{"type":"Topology","arcs":[[[92807,24736],[-100,15],[-3,-24],[-54,-58],[-27,-12],[-49,19],[-25,-6],[22,-33],[-33,-56],[5,-23],[-54,-26],[-81,-68],[-22,-46],[1,-27],[26,-11],[-67,-65],[-32,-13],[-53,-51],[-13,-29],[-6,-49],[25,-23],[-16,-17],[1,-48],[22,-12],[4,-43],[-49,-30],[-46,-53],[-6,-38],[-26,-11],[-37,-38],[-71,-130],[11,-32],[-15,-24],[7,-47],[22,-22],[16,-51],[-40,-23],[-38,-100],[-28,3],[-18,-21],[-46,-79],[-39,-25],[0,-31],[18,-17],[-15,-26],[-23,12],[-37,-35],[-5,-46],[13,-14],[-5,-44],[-59,-82],[3,-24],[-39,-5],[-37,33],[-45,21],[-49,-24],[-16,29],[-55,-23],[46,-30],[2,-30],[43,-47],[-12,-42],[55,-44],[6,-34],[-15,-21],[1,-29],[-15,-70],[-41,-10],[-22,9],[-31,-13],[-21,-32],[1,-28],[-55,-67],[-15,-42],[6,-49],[13,-2],[8,-71],[-15,-37],[13,-26],[-22,-70],[21,-52],[2,-48],[-28,-45],[-19,-60],[0,-41],[-16,-17],[-6,-38],[12,-42],[-28,-94],[-3,-85],[21,-22],[-4,-114],[22,-45],[15,-50],[-8,-34],[5,-54],[-36,-60],[15,-44],[-14,-36],[-24,-16],[-49,-54],[-45,-67],[-7,-41],[-34,-62],[6,-65],[38,-25],[-30,-41],[4,-39],[-22,-24],[-20,-43],[-4,-43],[13,-87],[-13,-36],[26,-29],[-26,-74],[7,-19],[-27,-19],[-61,-116],[-66,-139],[-6,-48],[-24,-32],[-9,-61],[28,-22],[-20,-26],[-9,-75],[-27,-61],[-31,-15],[-33,-50],[-20,-94],[29,-34],[-22,-23],[-15,-37],[1,-85],[-37,14],[-23,-35],[-5,-55],[14,-40],[20,-17],[26,17],[22,-30],[-17,-36],[-11,-79],[7,-41],[37,-47],[-12,-49],[11,-49],[-48,28],[-36,-46],[-53,-43],[-27,-3],[-12,-39],[14,-29],[40,6],[25,-27],[59,-7],[20,35],[31,-15],[48,-60],[28,-17],[18,-31],[43,-5],[17,-110],[16,-31],[6,-78],[23,-27],[3,-31],[46,-63],[-84,15],[-74,42],[-49,-28],[-31,-37],[-26,-58],[20,-38],[36,-35],[16,-61],[-33,-56],[-22,-78],[13,-42],[-3,-53],[12,-54],[41,-59],[-7,-61],[10,-20],[-6,-70],[5,-20]],[[91024,17812],[-447,205],[-497,229],[-579,270],[-369,172],[-524,248],[-477,225],[-675,323],[-417,199],[-391,189],[-22,-24],[-39,34],[-34,8],[-29,-16],[-44,-3],[-15,-27],[-28,26],[-10,48],[20,36],[21,10],[-1,25],[28,15],[16,54],[38,35],[75,82],[12,49],[45,70],[28,92],[-21,20],[16,40],[-34,29],[-62,26],[-33,5],[-33,50],[-45,-17],[-22,46],[38,74],[-20,27],[-8,39],[-23,24],[18,30],[-4,56],[-35,23],[-56,15],[-2,58],[-25,39],[-39,8],[-27,49],[-16,73],[-14,22],[43,97],[-15,40],[-34,24],[18,20],[-22,113],[6,36],[-18,17],[15,39],[-19,22],[33,55],[-13,41],[-33,46],[23,36],[-16,15],[24,33],[-7,17],[-69,28],[-31,35],[13,67],[-39,33],[16,19],[11,45],[20,17],[-4,31],[-64,14],[-55,-10],[-64,13],[1,37],[-29,6],[12,47],[-10,45],[-69,-10],[-29,23],[-57,4],[-43,28],[-36,0],[-15,37],[-37,10],[-47,-14],[-48,40],[-40,-5],[-58,52],[-23,29],[-53,-29],[-81,-16],[-28,-17],[-10,-34],[-45,-18],[-36,-28],[-28,22],[-28,6],[-19,-21],[22,-31],[-36,-16],[-34,-35],[-72,50],[-26,29],[20,43],[-27,-3],[-34,46],[-43,-7],[-5,18],[-37,-4],[-19,-40],[-62,14],[-66,28],[-28,-31],[-3,-58],[-19,5],[-57,-48],[-18,-33],[-18,-70],[15,-23],[-20,-29],[-30,-16],[-34,-37],[-28,9],[-15,35],[-36,16],[-13,-10],[-41,11],[-53,3],[-40,-27],[-53,-6],[-50,33],[-55,21],[-16,-13],[-44,20],[-23,30],[-11,61],[-24,-9],[-22,-53],[-18,-11],[7,-38],[-11,-50],[-26,1],[-26,-34],[-15,11],[-22,-40],[9,-24],[-27,-24],[-8,-38],[-33,-32],[-47,73],[-67,8],[-26,-17],[-14,31],[-34,-9],[-20,-27],[-12,-61],[-83,27],[-25,67],[-52,-13],[-19,40],[-60,-37],[-30,13],[-26,-19],[-22,41],[-6,31],[-46,19],[-46,-8],[-41,6],[-24,22],[-49,17],[5,40],[-39,13],[-32,-22],[-51,-15],[-31,32],[-33,5],[-15,17],[0,37],[-26,-5],[-33,37],[-23,7],[-5,33],[-18,24],[-33,1],[-61,-14],[-15,30],[-34,-68],[-45,29],[-12,35],[-36,18],[-27,-2],[-1,-39],[-30,-34],[-78,67],[-49,0],[-83,-64],[-11,-56],[-43,-13],[-3,-45],[18,-25],[-49,-39],[-15,21],[-33,13],[-4,26],[-36,8],[-4,-47],[-94,22],[-7,58],[-29,-1],[-9,-32],[-41,39],[-30,-42],[-56,-8],[-57,2],[-30,-36],[-19,16],[-10,49],[-47,-16],[-32,25],[-84,7],[-30,-17],[-93,21],[-4,41],[-23,-12],[-37,24],[-61,-25],[-49,-29],[-47,22],[-38,41],[-3,40],[-15,24],[-25,-9],[-25,24],[-23,0],[-17,32],[-34,0],[-36,-13],[-22,7],[-53,-40],[-12,-40],[-125,1],[0,26],[-40,4],[3,35],[-35,-15],[-18,21],[-24,-17],[-51,63],[-32,16],[-38,35],[-30,-17],[-29,14],[-36,68],[-66,40],[-18,77],[-40,-24],[-26,22],[-23,1],[10,40],[-25,1],[-20,31],[-26,18],[-14,41],[-63,37],[-27,-40],[-44,25],[-23,-12],[-56,8],[-27,-46],[-25,16],[-19,-41],[-55,22],[-22,-21],[-2,-39],[-57,-4],[-85,-45],[-27,10],[-41,33],[-43,-28],[-57,11],[-57,61],[-35,16],[-54,-7],[-5,-28],[-63,21],[-35,0],[-35,-22],[-84,44],[-59,10],[-29,-13],[-63,2],[-9,-21],[-54,-6],[-66,-55],[-38,4],[-63,-11],[-27,-21],[17,-52],[-25,-36],[-10,-46],[-20,-14],[-9,-45],[15,-42],[4,-44],[-64,-20],[-17,-59],[56,-47],[-1,-23],[48,-45],[5,-40],[35,-18],[12,-46],[-11,-21],[-43,-23],[-45,-9],[-34,45],[-47,11],[-62,-1],[-33,17],[-28,-4],[1,-26],[-54,-43],[3,-41],[-47,-17],[-45,-61],[-21,29],[-25,-41],[-33,20],[-64,-1],[-10,36],[-62,-13],[2,37],[-18,27],[-66,0],[-6,19],[25,45],[-34,0],[-63,-13],[0,60],[-38,16],[-31,-13],[6,-42],[-26,-29],[-20,34],[25,73],[-31,10],[-56,-8],[-13,52],[-53,22],[-7,31],[-28,3],[-31,22],[-23,-5],[-15,64],[-51,17],[-30,45],[-41,34],[-63,29],[1,19],[-30,15],[-11,27],[-36,17],[14,22],[-3,28],[-22,18],[5,61],[-39,2],[-36,54],[1,47],[-26,14],[27,53],[-58,43],[0,33],[-75,32],[0,18],[-50,47],[-37,14],[-45,-49],[-50,72],[2,22],[-45,19],[-37,31],[-4,51],[-45,3],[-24,44],[-54,-4],[-25,75],[-31,-1],[-57,60],[-10,70],[-21,32],[-105,41],[5,15],[-43,25],[3,20],[-86,6],[-9,-27],[-48,29],[24,23],[-18,33],[-43,6],[-9,33],[-29,47],[-27,10],[-28,-6],[-43,7],[-17,17],[-43,7],[-66,32],[-65,66],[-35,10],[-22,51],[-37,9],[-32,35],[-64,-3],[-12,25],[22,40],[-53,37],[-18,-15],[-30,10],[-45,-5],[-26,31],[-52,28],[-22,1],[-5,-32],[-20,-8],[-10,-29],[-28,-17],[-32,25],[-39,47],[6,21],[-31,10],[-14,31],[-38,40],[-37,-8],[-12,18],[2,57],[34,55],[19,59],[-21,39],[-26,86],[21,3],[14,61],[-38,32],[-43,-14],[-8,-26],[-34,-10],[-24,21],[-36,-3],[-31,-18],[-52,2],[-16,46],[-45,39],[-54,1],[-16,-15],[-53,5],[-33,55],[20,80],[-42,69],[-29,17],[-11,35],[-21,-1],[-20,48],[-3,96],[-42,59],[30,3],[-4,47],[6,45],[-43,49],[14,20],[-11,31],[1,58],[21,24],[31,-1],[3,62],[-22,24],[-25,76],[23,-1],[25,27],[15,33],[-7,28],[33,109],[-30,36],[11,26],[-51,25],[-39,-6],[-18,27],[-59,-44],[-25,18],[0,35],[-47,30],[42,21],[-22,23],[-33,-18],[-15,32],[-33,-1],[-79,55],[-9,44],[-59,-20],[-13,8],[3,48],[-45,-26],[-25,0],[-8,25],[-60,-2],[-13,22],[-35,-21],[-60,38],[-18,-26],[-44,-15],[-23,25],[-42,-3],[-14,26],[23,30],[-12,14],[-54,9],[-34,-7],[14,-37],[-15,-33],[-21,7],[-11,44],[-71,49],[-24,30],[-55,-15],[-7,-41],[-62,-13],[-15,42],[10,19],[-19,24],[-7,46],[-18,25],[-36,-12],[-10,37],[-74,7],[-43,52],[-5,20],[36,12],[-10,22],[31,29],[-9,24],[-30,10],[-29,-43],[-28,-11],[26,-30],[-58,0],[16,-51],[-42,-18],[-35,10],[-18,21],[-24,-23],[-38,-8],[12,-27],[-17,-82],[-20,-32],[15,-24],[35,-12],[2,-37],[-21,-5],[-48,20],[-8,-25],[28,-72],[-14,-29],[29,-15],[-42,-55],[-60,33],[-57,-17],[-21,17],[-17,-30],[7,-48],[22,-18],[21,8],[24,-18],[-5,-33],[-30,-25],[-41,-4],[-48,36],[-48,4],[-26,13],[-23,-24],[-15,36],[-62,9],[-40,29],[9,20],[-32,11],[33,47],[-8,28],[22,28],[-43,17],[30,19],[-38,55],[39,17],[-7,24],[-50,-42],[-29,-2],[-18,20],[1,77],[-16,17],[-16,51],[30,68],[-13,30],[17,23],[-12,32],[-32,19],[-15,-7],[7,-37],[-41,-10],[-28,39],[-42,-9],[11,36],[-25,21],[-20,-9],[-39,24],[-20,41],[38,9],[-18,35],[38,57],[-40,0],[-19,-32],[-20,11],[4,34],[33,32],[-9,15],[-43,3],[28,68],[-31,82],[18,16],[-20,22],[1,33],[45,33],[-5,39],[57,28],[-18,37],[31,27],[-78,32],[-41,-27],[-36,-8],[-30,6],[-20,22],[-52,17],[-29,23],[17,26],[-3,30],[-35,-21],[-13,24],[-30,-29],[-39,-7],[-15,32],[40,30],[-10,28],[12,29],[-34,53],[19,8],[1,39],[-20,29],[19,17],[-13,35],[-22,-7],[-3,51],[-19,23],[-53,-6],[-37,23],[-19,-25],[-25,5],[-16,32],[16,56],[-49,9],[-19,-32],[-48,1],[6,-41],[-42,-9],[-27,15],[-27,-3],[-10,43],[-28,16],[21,33],[-1,32],[-56,14],[-43,-11],[-13,15],[9,32],[23,21],[-15,17],[-23,-19],[-32,4],[-1,-59],[-73,38],[-34,-22],[5,-44],[-18,-5],[-42,50],[-18,-8],[-6,-43],[-29,8],[10,25],[-18,33],[-46,9],[-45,-10],[7,-33],[-19,-15],[-80,15],[-13,-18],[-42,14],[-57,34],[-37,11],[-31,-7],[-72,33],[-24,29],[-24,1],[10,-37],[-31,-27],[-30,56],[-38,-19],[-30,3],[-58,-46],[-46,-10],[-12,-32],[5,-25],[-49,-48],[-31,1],[8,-37],[-32,-19],[28,-19],[0,-30],[-32,11],[-13,-30],[-36,20],[-79,-34],[-7,-23],[-38,15],[-26,49],[9,34],[-22,50],[-18,18],[-53,-15],[-15,-17],[-35,12],[-21,-19],[-29,28],[-2,37],[-48,-13],[-14,23],[10,28],[-17,15],[-30,-22],[-20,34],[-49,28],[-34,5],[-7,-37],[-35,-21],[-46,22],[-2,36],[-72,25],[-36,32],[-18,38],[-48,-12],[14,30],[-63,17],[-36,17],[-68,-82],[-28,21],[-37,7],[1,45],[-39,9],[-42,-11],[-31,11],[-25,32],[-23,-12],[23,-42],[-14,-23],[-72,65],[-36,-21],[-21,25],[-75,24],[-17,20],[3,46]],[[68982,27936],[-1,700],[0,611],[-1,703],[0,777],[-1,643],[0,610],[-1,831],[0,368],[0,696],[0,435],[-1,422],[0,539],[-1,465],[0,714],[0,500],[0,620],[0,597],[-1,686],[0,626],[0,426],[0,499],[-1,757],[-1,777],[0,598]],[[68973,42536],[493,0],[427,0],[533,0],[514,0],[537,0],[424,0],[512,0],[492,0],[491,0],[493,0],[431,0],[550,0],[491,0],[615,0],[777,0],[407,0],[364,0],[485,0],[608,0],[406,0],[403,0],[600,0],[613,0],[412,0],[406,0],[609,0],[608,0],[424,0],[590,0],[293,-1],[639,0],[487,0],[433,0],[540,0],[528,1],[601,0],[718,0],[596,0],[32,40],[3,20],[76,29],[19,37],[17,-8],[41,16],[5,26],[22,33],[13,44],[18,19],[-6,25],[19,43],[-22,4],[63,81],[0,43],[43,34],[38,5],[36,-16],[27,22],[10,30],[-8,32],[51,-12],[65,47],[4,51],[74,41],[22,3],[12,37],[34,29],[82,21],[34,60],[43,-3],[44,38],[41,8],[30,36],[13,-15],[44,-2],[17,-12],[27,56],[16,-2],[33,63],[18,13],[12,33],[-3,34],[31,15],[-9,28],[32,21],[10,26],[48,5],[16,27],[64,25],[28,-16],[45,18],[46,-11],[39,20],[62,-20],[33,-65],[46,18],[28,-12],[16,-38],[57,-25],[22,-35],[42,4],[31,54],[84,-14],[7,17],[43,-8],[96,20],[36,-17],[31,28],[108,-8],[37,-35],[38,-1],[9,25],[41,4],[44,-14],[27,16],[21,-12],[40,12],[21,20],[52,31],[10,21],[44,10],[34,-20],[47,28],[33,-17],[39,18],[-5,35],[17,4],[30,-19],[21,25],[43,-6],[72,29],[11,-20],[69,-19],[38,-18],[32,14],[21,40],[34,8],[46,33],[39,-4],[23,13],[20,-32],[47,-24],[23,-44],[50,-8],[10,-41],[21,0],[3,-49],[16,-45],[53,-37],[25,19],[34,-24],[-4,-48],[34,0],[35,-35],[44,-13],[32,23],[32,10],[68,-14],[26,22],[36,-15],[-34,-20],[22,-16],[42,2],[20,28],[57,16],[42,-26],[1,-18],[80,-16],[23,35],[69,32],[24,-22],[31,22],[21,-4],[19,22],[37,20],[7,14],[62,4],[75,-32],[28,-26],[51,-9],[12,-28],[30,-2],[44,-19],[34,-40],[13,8],[52,-29],[10,20],[26,4],[36,-39],[28,-15],[6,-51],[31,-16],[16,-23],[27,-3],[39,15],[78,-31],[37,-34],[7,-42],[-19,-5],[13,-38],[-3,-28],[39,-11],[2,-54],[-12,-11],[5,-48],[18,-25],[30,-3],[59,34],[51,-6],[29,-41],[24,0],[17,-27],[27,-1],[45,-15],[24,-35],[32,-2],[38,-18],[18,-41],[20,-17],[58,-14],[5,-31],[42,-36],[42,-18],[17,-31],[-3,-43],[-21,-26],[27,-87],[1,-43],[-23,-21],[6,-32],[21,1],[2,-85],[-26,-34],[9,-66],[32,-44],[22,1],[42,-72],[-21,-23],[6,-42],[66,-53],[48,20],[53,-13],[38,-1],[36,68],[37,14],[18,26],[37,27],[26,39],[12,55],[60,31],[15,46],[22,19],[-30,23],[17,44],[-5,35],[27,68],[42,51],[35,28],[18,77],[54,33],[30,-7],[28,39],[52,21],[63,3],[32,14],[39,35],[21,-6],[29,55],[23,1],[26,49],[17,-11],[32,25],[19,-13],[-6,-29],[35,-99],[42,-57],[26,-9],[10,-56],[72,35],[19,-15],[-3,-27],[30,-12],[24,21],[11,40],[-12,31],[12,56],[49,18],[22,-20],[31,6],[35,-5],[44,-20],[23,-23],[35,18],[59,8],[28,26],[55,33],[16,-28],[23,5],[31,46],[30,94],[-51,24],[15,40],[30,25],[3,113],[15,25],[-10,69],[27,47],[-13,25],[83,69],[-23,33],[3,34],[-11,17],[-27,-8],[-33,51],[-61,-4],[-30,44],[1,30],[-28,46],[7,29],[-19,95],[-24,25],[-23,2],[-25,27],[-9,68],[13,37],[-7,23],[43,42],[24,5],[15,-65],[28,-7],[40,8],[6,21],[41,31],[24,35],[53,29],[6,49],[25,-6],[104,28],[33,25],[16,29],[56,28],[53,-17],[10,13],[35,-12],[31,-32],[54,91],[52,50],[15,29],[37,-6],[63,69],[32,6],[53,-3],[36,20],[21,-15],[50,-7],[39,63],[40,45],[-17,32],[0,29],[27,33],[55,6],[4,34],[38,46],[6,30],[50,5],[62,24],[31,-33],[36,-15],[-19,-61],[-7,-56],[32,-15],[37,-38],[45,-7],[18,-36],[55,92],[-11,47],[14,35],[32,21],[3,-31],[27,-61],[28,-25],[47,7],[36,-24],[1,-24],[35,-25],[25,-2],[24,-25],[36,0],[43,-43],[26,-14],[22,33],[43,19],[39,-23],[39,9],[0,25],[55,65],[18,-7],[26,32],[40,-7],[30,5],[27,-10],[28,-29],[95,-27],[84,8],[25,-18],[65,-9],[30,9],[39,-16],[67,-2],[22,-23],[82,-18],[56,82],[-11,37],[43,37],[52,20],[11,14],[-19,38],[34,17],[-9,43],[13,28],[28,6],[28,-26],[19,10],[28,-30],[35,-5],[27,52],[49,11],[33,27],[46,1],[21,-17],[62,8],[23,-40],[63,10],[61,36],[3,20],[36,49],[23,11],[51,59],[42,17],[38,54],[43,16],[112,-53],[51,32]],[[99808,44962],[-13,-26],[-43,-50],[-44,3],[2,-31],[-39,-7],[7,-48],[12,-15],[40,10],[-16,35],[10,45],[89,1],[-14,51],[18,14],[13,-45],[22,-46],[-7,-84],[10,-47],[36,-32],[-24,-107],[-12,-97],[12,-22],[-2,-55],[7,-28],[-25,-89],[-23,-122],[-12,-80],[-5,-102],[3,-83],[20,-108],[24,-87],[48,-84],[46,-44],[35,-8],[16,-22],[-30,-84],[-10,-66],[12,-58],[-17,-28],[-36,-117],[-6,-66],[4,-21],[25,-24],[3,-38],[-6,-55],[-38,-95],[-32,12],[-23,-12],[-45,17],[-39,-7],[-9,-21],[63,-1],[42,-20],[-61,-86],[-118,-162],[-86,-141],[-30,-66],[-31,-87],[-16,-87],[4,-32],[40,-22],[-4,-43],[12,-19],[-14,-27],[-72,-79],[-66,-107],[-11,-30],[-35,-52],[-55,-108],[-20,-65],[-6,-53],[8,-65],[19,-37],[29,-11],[27,-35],[-14,-52],[3,-30],[-16,-64],[12,-49],[-24,-80],[5,-31],[17,-17],[-21,-40],[10,-26],[-13,-42],[6,-28],[-22,-23],[-30,-78],[-18,-86],[24,-48],[-27,-46],[-18,-53],[-4,-68],[31,-21],[-71,-118],[-22,-63],[-10,-48],[11,-45],[17,-21],[-38,-64],[16,-78],[-23,-17],[-37,-79],[-6,-80],[17,-27],[-7,-70],[-25,-33],[-2,-52],[-17,-13],[-50,-79],[-88,-172],[-1,-50],[18,-40],[-12,-84],[4,-26],[26,-2],[-30,-94],[6,-43],[-86,-124],[-32,-106],[-21,-31],[-17,-50],[16,-55],[-15,-43],[4,-48],[-48,-51],[-36,-71],[-12,-64],[-31,-36],[-26,-44],[-14,-65],[8,-15],[-61,-83],[-24,-42],[-23,-70],[-17,-101],[10,-40],[-29,-48],[-11,-46],[4,-47],[-10,-57],[16,-82],[-40,-83],[-21,-71],[-9,-102],[7,-28],[26,-21],[-8,-39],[-3,-70],[11,-29],[6,-113],[18,-62],[29,-49],[34,-27],[97,-19],[15,-17],[-2,-34],[16,-19],[-8,-36],[-68,-95],[-35,-86],[-14,-79],[2,-52],[14,-38],[51,-31],[-21,-25],[-2,-41],[-18,-1],[-36,-40],[-87,-118],[-32,-60],[-23,-79],[17,-30],[-19,-14],[-26,-63],[-10,-76],[25,-46],[-9,-40],[-3,-100],[18,-27],[-35,-42],[-52,-83],[-38,-79],[-17,-57],[-1,-46],[27,-33],[26,-75],[-3,-43],[-66,-66],[-79,-93],[-58,-88],[-27,-64],[-3,-21],[20,-27],[-13,-15],[-21,-57],[0,-30],[22,-30],[-23,-15],[-47,-57],[-40,-67],[-13,-62],[28,-30],[-15,-25],[-82,-101],[-50,-75],[-20,-47],[-9,-40],[9,-39],[26,-24],[-65,-42],[-49,-48],[-24,-5],[-136,-124],[-66,-78],[-37,-68],[-39,-45],[-26,-46],[-2,-23],[-29,-26],[-27,-51],[-5,-35],[16,-29],[-12,-24],[11,-20],[-61,-72],[-34,-85],[-9,-53],[2,-56],[19,-40],[55,-12],[17,-55],[42,-16],[26,-25],[-11,-38],[-20,-13],[-38,-49],[-40,-87],[-8,-92],[14,-10],[39,-66],[-35,-94],[3,-21],[-26,-39],[-12,-55],[9,-55],[39,-40],[-52,-28],[-78,-23],[-92,-35],[-78,-37],[-17,-16],[-105,-54],[-70,-53],[-58,-61],[-25,-37],[-36,-91],[-11,-11],[-96,-39],[-72,-53],[-31,-37],[-26,-47],[-12,-76],[-45,12],[-25,-11],[-39,9],[-41,52],[-11,-1],[-33,-55],[-95,-26],[-32,20],[19,88],[-20,8],[-29,-32],[8,-42],[-89,22],[-22,-7],[-34,25],[-37,7],[-46,-48],[0,-40],[45,-4],[16,-18],[-1,-27],[-27,-19],[-60,-17],[1,-35],[39,-12],[65,24],[60,-1],[29,18],[49,-25],[51,10],[32,22],[38,-29],[25,25],[28,9],[42,-11],[42,10],[37,21],[25,-29],[34,2],[-5,-54],[-28,-15],[6,-34],[-41,-31],[-78,-4],[-28,-76],[-29,13],[-27,-8],[-46,21],[-29,-2],[-134,-34],[-137,-50],[-64,-27],[-108,-51],[-71,-40],[-104,-72],[-41,-43],[-2,107],[24,14],[40,60],[-25,30],[-60,1],[-28,-15],[2,-33],[-13,-45],[15,-13],[4,-34],[18,-41],[-21,-21],[-11,-33],[3,-69],[51,1],[-39,-41],[-12,-2],[-83,-69],[-26,-44],[10,-29],[-6,-66],[-52,-32],[-79,-68],[-27,-37],[-17,-50],[-36,-14],[-4,45],[16,13],[24,70],[-19,17],[-40,5],[-13,51],[31,21],[-28,28],[31,25],[5,29],[-68,37],[-17,-16],[25,-32],[-29,-50],[-58,2],[54,-81],[31,-67],[-12,-11],[-25,55],[-31,14],[19,-72],[-27,5],[-14,-60],[-28,-1],[-29,24],[-32,-8],[-31,-60],[-58,-23],[9,-33],[29,-7],[31,8],[23,37],[28,-5],[16,-20],[-9,-53],[-59,3],[-2,-28],[-42,3],[-3,-24],[24,-71],[30,46],[9,-37],[41,-49],[21,61],[-40,18],[10,40],[24,-13],[43,29],[17,-19],[-8,-49],[42,8],[-4,44],[26,17],[-3,22],[12,52],[25,23],[2,38],[24,21],[0,-57],[30,-1],[4,-30],[-13,-26],[-6,-75],[-30,-37],[-5,-24],[11,-47],[-28,-37],[-3,-30],[-55,-38],[-68,-75],[-19,-37],[-2,-65],[27,-26],[-10,-26],[-135,-83],[16,48],[50,55],[8,20],[-16,41],[32,44],[30,9],[-5,28],[30,19],[28,56],[-28,36],[-47,-10],[20,-25],[-33,-76],[-45,-8],[-30,50],[-27,-10],[-4,-27],[23,-31],[6,-53],[-53,-5],[-26,-56],[-31,-6],[-13,-29],[-41,-14],[-26,-30],[33,-47],[-28,-8],[-11,-37],[34,-48],[40,-23],[39,30],[13,34],[22,12],[14,-44],[-13,-31],[-25,-20],[-14,-35],[9,-26],[-27,-43],[-18,-7],[-62,-81],[6,-28],[-25,-51],[12,-20],[8,-55],[-25,-1],[-36,-56],[5,-21],[-38,-31],[-45,12],[-14,-24],[-29,10],[-53,-32],[-28,8],[52,66],[-28,26],[8,30],[21,16],[43,0],[10,57],[-29,-8],[-32,-44],[-31,19],[43,37],[-16,26],[15,63],[-36,-7],[-33,11],[-7,-43],[-28,-2],[-10,-22],[26,-42],[-12,-17],[42,-17],[-12,-42],[36,-22],[-38,-48],[-28,-5],[-26,-44],[4,-38],[-21,-7],[-60,17],[-47,-56],[-30,43],[23,51],[-35,43],[-76,6],[0,22],[-26,31],[-3,33],[31,21],[-21,19],[-18,-34],[-1,-60],[-49,28],[-37,-31],[8,49],[-23,22],[30,59],[-33,19],[27,53],[-11,14],[-33,-52],[-10,-38],[16,-45],[-13,-24],[31,-22],[-2,-60],[-34,-12],[-11,26],[-28,-18],[41,-31],[18,-23],[71,63],[22,-49],[31,-19],[48,-2],[31,-23],[0,-33],[38,-49],[-34,-46],[-31,7],[-16,-15],[-2,-33],[26,-2],[43,24],[33,-9],[-12,43],[27,-4],[55,36],[37,16],[31,-19],[-22,-28],[6,-52],[-3,-41],[-48,-9],[-21,-31],[53,-70],[46,80],[25,58],[-22,28],[6,23],[41,-31],[-5,-36],[17,-16],[-3,-35],[-18,-7],[-25,-83],[-27,-57],[-4,-47],[-27,-10],[-3,-21],[12,-58],[22,-35],[-34,-22],[14,-44],[-22,-19],[-13,-64],[39,-36],[-10,-49],[-35,14],[7,31],[-17,28],[-20,-7],[-1,-33],[-30,-8],[-64,61],[-6,-38],[48,-24],[0,-32],[25,2],[-2,-35],[-43,-26],[-15,7],[-43,-14],[-36,1],[-29,28],[-38,21],[-25,-11],[-1,-23],[-52,8],[-45,-2],[-48,18],[-36,44],[-17,-8],[46,-42],[14,-1],[6,-50],[93,38],[29,-37],[53,12],[28,-25],[34,11],[37,-19],[15,-27],[21,14],[64,-13],[11,15],[-16,41],[45,40],[13,-36],[-12,-33],[7,-88],[-19,1],[-19,-27],[3,-39],[-33,-19],[6,-52],[-9,-37],[21,-23],[0,-27],[-20,-9],[-19,-78],[-30,3],[-20,52],[-44,22],[-23,2],[-9,41],[-29,12],[-27,-5],[-18,15],[-26,-28],[-22,-68],[2,-33],[-24,-27],[-29,-7],[-12,28],[-34,-13],[-38,27],[-53,-9],[-27,35],[-24,-36],[93,-7],[32,-27],[32,-2],[25,-23],[29,-63],[38,-3],[19,30],[50,4],[12,19],[27,-3],[5,30],[73,18],[8,-39],[-15,-49],[-28,-21],[-38,0],[-32,20],[-50,-18],[-26,-42],[4,-47],[-40,-7],[-65,31],[-38,43],[-2,-35],[22,-34],[3,-32],[42,21],[23,-15],[55,3],[38,-19],[-49,-67],[-40,-31],[-18,-49],[-116,-86],[-25,-7],[-63,-49],[-100,-101],[-28,-21],[-40,-51],[4,-10],[-90,-141],[-40,-69],[5,-25],[-19,-68],[3,-30],[22,-20],[-25,-24],[-31,-46],[-13,-58],[13,-26],[-18,-59],[0,-62],[10,-25],[26,-6],[8,-44],[-21,-6],[-57,-57],[-28,-71],[-21,9],[19,77],[-7,45],[-36,22],[-62,-17],[15,-31],[-54,-3],[-4,-93],[-41,-36],[-3,-26],[30,-6],[60,1],[12,41],[64,14],[17,-20],[-4,-81],[16,-48],[36,-26],[-14,-24],[-46,4],[-22,-26],[14,-43],[-16,-39],[12,-34],[-13,-17],[14,-38],[-14,-10],[13,-36],[-26,-43],[4,-29],[-15,-38],[-25,-24],[2,-29],[-19,-71],[-51,-14],[-39,-26],[-37,-41],[-35,-58],[-18,-49],[-13,-60],[-3,-52],[7,-53],[36,-56],[8,-49],[29,-18],[-12,-48],[8,-69],[13,-39],[33,-50],[56,-32],[21,29],[33,2],[16,-24],[-24,-33],[-13,-56],[21,-23],[-24,-70],[-15,-2],[-50,-53],[-16,30],[-65,54],[28,100],[-35,25],[11,56],[-37,31],[-48,1],[-39,-18],[-1,-27],[-38,0],[-54,-29],[-35,-51],[12,-23],[-8,-55],[6,-21],[30,-10],[15,-114],[17,-33]],[[88856,23233],[-15,1],[-7,73],[-13,20],[-3,62],[16,16],[138,-23],[-22,92],[2,23],[42,110],[4,53],[-32,72],[-8,43],[40,28],[1,31],[-28,-2],[15,54],[27,24],[64,81],[51,91],[33,18],[33,-2],[44,36],[87,-22],[38,13],[89,-19],[28,-31],[43,11],[3,18],[60,28],[16,19],[-6,61],[-28,-10],[-81,21],[-7,23],[-80,44],[-41,12],[-66,4],[4,34],[-39,6],[-17,26],[-39,22],[30,33],[-20,20],[-61,8],[-15,10],[-43,63],[17,26],[-33,29],[13,29],[-65,33],[5,36],[-37,10],[-23,23],[-47,18],[-582,-406],[-181,-126],[-23,-42],[2,-22],[-20,-28],[13,-27],[-5,-30],[22,-19],[7,-50],[-32,-31],[1,-40],[-25,-6],[7,-51],[-34,-45],[3,-38],[-23,-47],[19,-44],[-29,-27],[13,-86],[11,-14],[-6,-46],[20,-37],[-13,-27],[39,-60],[-49,-46],[23,-27],[13,-44],[-31,-33],[7,-45],[41,-11],[20,-22],[-5,-46],[-20,-44],[20,-34],[77,-48],[17,-42],[30,-29],[34,-7],[16,41],[-8,14],[34,55],[22,-12],[18,-94],[22,-19],[-20,-37],[7,-70],[-27,-44],[24,-23],[28,-96],[80,-72],[44,-47],[42,-1],[90,-22],[90,-59],[21,37],[-14,11],[25,35],[0,34],[61,92],[22,7],[-5,63],[17,27],[-8,44],[7,29],[-23,70],[32,123],[-11,25],[25,53],[-36,57],[6,86],[-9,21]],[[68890,16211],[8,523],[6,318],[4,326],[-1,85],[3,474],[-2,442],[-5,236],[3,472],[-4,451],[-5,514],[1,202],[-2,330],[-2,516],[-4,576],[-4,522],[-2,720],[4,617],[3,427],[0,440],[-1,667],[-1,488],[-1,589],[-1,579],[-5,685],[-1,311],[2,0],[2,335],[12,-44],[29,-11],[11,-28],[-11,-20],[13,-33],[22,-6],[21,22]],[[91024,17812],[-34,-29],[-53,-14],[-61,-36],[-23,-31],[-95,7],[-56,-15],[-56,3],[-44,-8],[-56,-22],[-50,-34],[10,-20],[-64,-32],[-47,-73],[-5,-29],[-29,-70],[-43,-41],[-27,-48],[-8,-34],[-57,-12],[-85,-30],[-27,-19],[-28,-56],[-42,9],[-74,-17],[-64,-32],[-60,-40],[-5,-43],[-27,-19],[-24,13],[-85,-4],[-20,-16],[-52,12],[-59,-13],[-48,8],[-84,-9],[-107,-32],[-33,-42],[-16,32],[-42,32],[-94,12],[-46,-6],[-173,7],[-192,-8],[-295,-4],[-89,-16],[-117,7],[-82,-6],[-101,-18],[-45,-13],[-28,-27],[-29,-7],[-53,20],[-76,0],[-68,-7],[-49,-11],[-36,13],[-72,5],[-76,-4],[-76,5],[-147,0],[-231,-7],[-188,-20],[-73,-12],[-198,-48],[-145,-49],[-114,-46],[-54,-9],[-122,-39],[-56,-26],[-72,-15],[-244,-101],[-153,-75],[-91,-52],[-111,-72],[-191,-139],[-211,-168],[-185,-161],[-128,-124],[-90,-82],[-124,-118],[-138,-127],[-81,-78],[-162,-146],[-115,-113],[-145,-131],[-117,-117],[-107,-112],[-108,-122],[-119,-112],[9,42],[24,5],[-40,40],[-28,-8],[-53,2],[-12,-27],[-67,12],[-60,-37],[-13,-63],[-43,-6],[-42,-19],[-5,-18],[-51,7],[-61,-18],[-26,-32],[-55,32],[-6,26],[-38,36],[-9,-60],[-27,-18],[-76,-15],[-48,-3],[-18,-14],[-42,7],[-29,-72],[-30,17],[0,26],[-42,0],[-5,-17],[-65,20],[-1,-25],[-66,-15],[-55,19],[-12,-14],[-51,-18],[-28,-47],[-55,7],[-14,59],[5,40],[-50,15],[-23,22],[-50,-42],[-95,-23],[-60,22],[-38,-22],[-23,21],[-29,-5],[-11,-46],[-38,-27],[-34,-9],[-28,-74],[17,-5],[25,-55],[49,-40],[12,-66],[30,-30],[63,17],[9,-8],[-12,-56],[16,-96],[38,-17],[17,-36],[-14,-25],[11,-50],[26,-7],[52,10],[30,66],[80,60],[26,-2],[44,24],[49,10],[10,45],[-1,66],[17,36],[19,7],[7,49],[75,-8],[25,-51],[-20,-92],[10,-36],[-17,-88],[46,-56],[2,-38],[-62,-72],[-44,-86],[-19,-54],[24,-55],[-4,-23],[-30,-8],[9,-35],[22,8],[58,-15],[-20,-41],[42,-20],[14,-49],[-12,-16],[-34,13],[-22,22],[-28,-28],[-33,-5],[-13,-53],[29,-28],[-6,-40],[-17,-2],[-17,-52],[-78,-24],[-53,0],[-37,25],[-20,34],[-49,58],[-7,46],[36,-3],[15,55],[-40,55],[-35,23],[-22,29],[-31,-1],[2,32],[-43,48],[-23,1],[16,43],[-7,25],[-39,63],[-45,93],[-34,46],[-88,97],[-150,110],[-93,45],[-54,13],[-75,-5],[-58,-37],[-28,-59],[-1,-33],[22,-56],[-67,-53],[-81,0],[-67,-34],[-17,44],[8,57],[-37,85],[-14,58],[-18,27],[-38,100],[-94,147],[-98,119],[-76,68],[-78,47],[-41,8],[-65,-20],[-21,-31],[-55,-40],[-72,11],[-50,-17],[-45,31],[-24,28],[-35,13],[-54,105],[-47,65],[-74,92],[-48,37],[-58,8],[-65,35],[-50,-3],[-77,4],[-20,45],[62,3],[72,18],[15,11],[24,48],[-4,37],[-31,28],[23,40],[-1,42],[9,40],[-23,47],[42,14],[32,-14],[15,11],[54,5],[19,-23],[30,-5],[43,9],[39,46],[35,76],[8,50],[-24,49],[-66,3],[-1,54],[17,55],[-15,28],[-28,17],[-17,28],[-23,110],[-16,13],[-54,11],[-18,21],[-33,13],[-39,-1],[-27,-33],[-69,20],[-48,-3],[-50,22],[-7,-44],[-76,-52],[-75,2],[-3,36],[-18,29],[-43,-1],[3,-37],[-44,-78],[-25,-20],[-15,-39],[12,-26],[-7,-37],[-42,7],[-28,-70],[58,-64],[-12,-24],[11,-103],[36,-37],[-71,4],[-41,17],[-140,25],[-46,-30],[-36,-4],[-70,-65],[-44,-16],[-43,-77],[-17,-67],[-36,0],[-87,-31],[-28,11],[-32,-4],[-66,-27],[-32,23],[-63,-12],[3,47],[-37,51],[-75,80],[-104,92],[-30,33],[-77,62],[-42,43],[-107,66],[-70,53],[35,20],[65,-36],[79,-20],[25,-51],[36,-19],[26,-31],[93,-25],[61,-7],[55,9],[115,41],[43,12],[126,64],[28,25],[19,40],[-28,24],[27,40],[78,85],[7,41],[-7,28],[21,43],[27,4],[41,36],[40,79],[23,28],[28,7],[33,28],[22,55],[8,64],[-5,83],[-24,89],[-27,63],[-27,45],[-42,47],[-55,35],[-32,-28],[-18,8],[-50,67],[2,20],[-45,57],[12,18],[-30,34],[-4,107],[-18,18],[-3,39],[-29,41],[-69,38],[-42,8],[-45,-7],[-9,-22],[18,-35],[-28,-17],[-37,1],[-22,25],[-44,-15],[-25,-22],[-37,1],[-41,-27],[-2,-32],[-24,-40],[3,-51],[-52,-16],[-42,-27],[-42,-5],[-50,-36],[-60,-62],[-26,-2],[-94,-83],[-67,6],[-75,-13],[-60,-52],[-15,-30],[-69,-29],[-45,-8],[0,-53],[-20,-76],[-49,34],[-70,3],[-27,-28],[-87,8],[-36,30],[-36,-30],[-4,-39],[-39,-23],[-13,-26],[-11,-70],[31,-24],[41,9],[43,-35],[35,1],[4,43],[35,2],[48,-47],[39,-20],[30,-5],[43,10],[71,2],[93,26],[47,45],[104,70],[14,13],[44,-15],[47,0],[59,-23],[33,-28],[33,-46],[-9,-50],[8,-29],[-22,-72],[-17,-14],[-26,24],[-66,-45],[-10,-21],[-62,-73],[-28,-42],[45,-36],[57,20],[-19,-34],[-37,6],[-63,-15],[-10,-44],[-92,37],[-68,19],[-58,5],[-33,-7],[-33,-28],[3,-21],[-60,7],[-98,20],[-55,-28],[-86,-33],[-20,-26],[-101,-42],[-8,-35],[-21,-23],[-34,-8],[-43,-56],[-84,-61],[-1,-23],[-65,-8],[-61,-22],[-45,-32],[-6,-34],[-71,-2],[-46,-16],[-26,-36],[-9,-30],[-31,-31],[-92,0],[-76,-20],[-17,-34],[-28,-15],[-94,-115],[-6,-30],[23,-16],[-33,-53],[-32,-27],[-28,-3],[-72,-60],[-8,-48],[-21,-36],[-40,-26],[-19,-37],[-46,-39],[3,-30],[-59,-21],[-13,-40],[-64,-1],[-98,-38],[-20,3],[-33,-24],[-51,-13],[-6,-12],[-100,-39],[-35,-38],[-6,-53],[-18,-47],[-40,-26],[-71,-11],[-66,-67],[-12,-33],[-71,-73],[-29,5],[-80,-13],[-45,40],[0,19],[-67,80],[-94,79],[-41,0],[-34,30],[-58,37],[-40,16],[-83,-2],[-48,14],[-20,-16],[-69,-21],[-24,-23],[-59,14],[-33,16],[-91,85],[-24,30],[-124,128],[-65,48],[-61,37],[-26,0],[-19,20],[-37,11],[-40,31],[-85,13],[-45,-9],[-52,15],[-9,-14],[-58,19],[-45,21],[-101,15],[-20,39],[-111,60],[-27,-5],[-46,30],[-106,89],[-35,34],[-49,30],[-40,44],[-34,14],[-64,56],[-72,54],[-30,13],[-97,76],[-89,46],[-45,8],[-41,28],[-33,-4],[-13,-19],[-35,13],[-30,30],[-104,70],[-80,39],[-44,-2],[-91,-29],[-19,11],[-67,-18],[-51,-6],[-26,-17],[-19,-35],[4,-41],[-29,12],[-84,-8],[-65,15],[-59,1],[-28,25],[-32,9],[-123,64],[-37,26],[-109,87],[-59,38],[-141,71],[-118,38],[-112,16],[-87,6],[-84,15],[-68,2],[-93,-19],[-99,-46],[-65,-51],[-72,-41],[-22,-41],[50,-62],[4,-34],[38,-67],[33,-44],[-86,-5],[-89,18],[-20,-12],[-13,-35],[-18,-5],[-1,-48],[-15,-25],[-30,0],[-35,27],[-8,30],[17,17],[-23,45],[-49,33],[-94,48],[-27,6],[-63,-6],[-44,-21],[17,-72],[-17,-6],[-51,28],[-28,-1],[-25,29],[10,47],[54,41],[19,25],[-25,76],[-75,108],[-60,65],[-148,144],[-110,93],[-107,75],[-137,83],[-79,38],[-23,18],[-121,63],[-115,46],[-62,11]],[[79213,15018],[114,51],[54,4],[100,-11],[31,3],[7,-24],[42,-4],[-46,-60],[39,-41],[-22,-37],[43,-8],[43,15],[15,-14],[46,3],[15,-20],[-48,-26],[-7,-37],[38,-38],[-26,-9],[-19,30],[-75,71],[-51,24],[-59,7],[-19,12],[-36,-8],[-47,-63],[-74,39],[-85,16],[-54,-24],[-24,24],[46,10],[33,90],[26,25]],[[82651,14216],[32,21],[47,-36],[17,-27],[-63,-35],[-40,-41],[-48,-23],[-39,20],[-87,28],[-55,71],[-17,29],[16,32],[47,-2],[39,13],[23,-17],[51,5],[-7,-28],[-49,-21],[14,-27],[56,-1],[63,39]],[[79480,15247],[2,35],[-10,52],[12,32],[20,96],[9,87],[34,3],[65,-28],[18,-34],[24,-18],[66,-11],[89,27],[32,-10],[73,2],[48,-73],[41,-19],[32,-41],[-66,-39],[-37,2],[-84,-17],[-39,3],[-44,-35],[-1,-40],[-16,-30],[-22,-9],[-32,12],[-37,-41],[-15,16],[-60,17],[-18,19],[-59,18],[-25,24]],[[68973,42536],[0,898],[0,749],[0,472],[0,769],[0,380],[0,646],[0,397],[0,522],[0,677],[0,550],[0,443],[0,699],[0,719],[0,806],[-593,0],[-790,0],[-791,0],[-789,0],[-987,0],[-568,0],[-419,-1],[-719,0],[-1714,0]],[[61603,51262],[0,338],[-1,971],[0,380],[0,802],[0,887],[0,1308],[0,592],[0,596],[0,302],[0,615],[-1,406],[0,1037],[0,481],[-1,744],[0,379],[0,465],[0,473],[-1,625],[0,676],[0,463],[-1,550],[0,869],[-1,690],[0,480],[0,708],[0,639],[-1,302],[0,793],[0,802],[-1,634],[0,478],[1,677],[-1,747],[0,546],[-1,1271],[0,523],[0,615],[-1,509],[0,550],[0,845],[-1,634],[0,634],[0,456]],[[61592,78754],[60,-48],[27,-39],[29,-16],[45,-70],[49,-43],[90,-102],[91,-59],[16,-23],[85,-59],[98,-40],[78,-21],[55,-47],[63,-28],[22,-21],[24,35],[30,-12],[18,8],[46,-10],[76,-47],[32,-33],[30,-19],[20,14],[36,-2],[65,-30],[42,12],[38,-6],[74,-2],[78,15],[42,-1],[45,7],[49,19],[70,-25],[1,-16],[44,-41],[40,-21],[85,-34],[68,-32],[21,-19],[62,-31],[90,-27],[35,-32],[51,-24],[56,-15],[15,-15],[30,-4],[42,23],[72,-38],[24,8],[59,-3],[52,-14],[94,-59],[-10,-38],[22,-72],[83,-79],[7,-41],[33,-34],[24,-8],[134,-70],[-30,-66],[-11,-59],[4,-68],[13,-37],[15,-111],[2,-48],[41,-133],[30,-57],[19,-56],[40,-97],[36,-66],[62,-66],[96,-70],[55,-33],[36,-9],[43,-25],[128,6],[59,-6],[71,-47],[75,-30],[49,-40],[38,-46],[49,-24],[49,-63],[-11,-19],[42,-15],[67,-33],[27,-64],[13,3],[17,-36],[87,-59],[49,-18],[18,1],[98,-14],[34,-20],[14,-20],[42,-14],[-4,-27],[75,4],[32,-14],[31,3],[31,22],[40,-48],[-10,-53],[33,27],[74,-40],[113,-41],[31,-17],[13,-23],[-2,-65],[29,-53],[75,-77],[33,-20],[56,-19],[69,-11],[113,-2],[77,11],[34,14],[53,5],[24,10],[92,18],[30,-10],[58,20],[46,4],[115,26],[63,4],[108,23],[35,14],[52,31],[55,48],[29,17],[35,-21],[92,33],[41,20],[122,85],[54,13],[30,15],[75,50],[62,56],[37,55],[77,54],[19,23],[40,-14],[23,8],[21,39],[62,61],[41,11],[64,26],[40,-1],[-3,20],[46,70],[83,143],[34,104],[14,82],[2,59],[17,35],[5,104],[9,62],[23,50],[6,41],[22,35],[30,86],[18,107],[2,68],[8,22],[-14,112],[-11,34],[27,124],[38,82],[56,46],[37,39],[69,99],[63,106],[21,50],[13,48],[-4,30],[8,56],[33,9],[50,36],[65,65],[53,66],[54,74],[50,84],[41,104],[9,48],[4,59],[16,45],[0,46],[27,39],[9,37],[18,20],[38,-8],[8,44],[56,135],[21,105],[-8,47],[-36,53],[-3,51],[26,32],[12,42],[39,87],[26,104],[38,136],[11,63],[-3,53],[18,47],[83,154],[31,51],[52,111],[25,80],[-3,46],[-50,105],[-26,121],[-17,96],[-47,100],[18,15],[29,-4],[9,37],[32,84],[16,98],[16,246],[4,78],[26,166],[0,33],[16,39],[18,102],[51,223],[26,79],[50,102],[36,119],[45,132],[21,85],[-6,17],[16,51],[44,71],[15,42],[17,97],[9,106],[-7,39],[36,38],[5,19],[50,55],[30,27],[21,34],[10,54],[-24,65],[16,28],[-3,21],[25,62],[14,4],[22,40],[13,59],[6,75],[-16,67],[-66,100],[-79,192],[-29,82],[-13,124],[-31,144],[-13,73],[-2,96],[-11,84],[-20,104],[4,98],[-4,47],[-21,84],[-14,87],[-33,136],[14,109],[47,203],[32,110],[48,117],[37,125],[10,73],[-8,109],[-12,57],[-2,58],[15,79],[-1,36],[-24,84],[-41,89],[-32,45],[-117,137],[-41,60],[-52,96],[-13,60],[-5,77],[1,86],[12,83],[18,91],[25,96],[24,170],[10,160],[19,120],[30,129],[36,108],[31,81],[96,124],[37,82],[30,110],[32,89],[60,83],[-1,6],[69,100],[28,69],[6,42],[-13,81],[-26,56],[-55,38],[-18,44],[-6,43],[-17,30],[-28,14],[-4,57],[-12,23],[-3,59],[-20,57],[13,59],[-1,74],[-12,47],[-44,42],[-31,54],[19,46],[26,84],[11,5],[39,62],[17,38],[51,-7],[23,18],[27,52],[39,32],[59,13],[26,42],[37,20],[35,66],[21,30],[24,65],[10,51],[13,27],[44,134],[17,72],[9,77],[35,18],[46,-46],[35,4],[25,-21],[27,58],[-45,35],[-39,-15],[-18,19],[-13,33],[12,20],[70,16],[13,26],[56,39],[12,59],[-36,28],[-15,-18],[-58,-16],[-36,8],[-30,-25],[-16,12],[-7,33],[-20,14],[-63,21],[-27,24],[2,40],[-15,30],[-20,16],[-25,-2],[-28,25],[-59,27],[-18,-2],[-16,-41],[6,-33],[-27,-47],[-64,0],[-25,-12],[-20,-25],[-45,-24],[-40,31],[-18,0],[-23,22],[6,31],[32,80],[26,90],[77,186],[61,178],[36,120],[32,131],[5,54],[32,91],[39,29],[52,126],[54,149],[50,128],[26,79],[35,76],[36,47],[37,90],[73,87],[19,7],[46,-4],[-41,-60],[-8,-32],[30,-80],[38,-57],[10,-37],[-6,-25],[1,-60],[10,-46],[11,-85],[12,-35],[16,2],[-13,45],[-6,47],[10,82],[63,83],[29,-5],[32,-32],[28,-14],[44,60],[-13,17],[-14,56],[-37,56],[-36,42],[-24,13],[-30,-15],[-19,21],[1,82],[8,41],[11,135],[12,92],[17,95],[38,127],[17,25],[35,24],[8,20],[3,64],[23,95],[9,74],[20,14],[6,70],[41,153],[20,106],[39,88],[33,102],[19,72],[30,5],[-8,53],[48,207],[7,15],[0,54],[15,111],[2,126],[-3,61],[-15,61],[23,14],[26,55],[14,81],[6,106],[24,48],[-24,67],[14,14],[-20,88],[-1,72],[-22,74],[-9,60],[-15,33],[9,58],[14,35],[52,50],[50,32],[41,18],[31,-1],[26,-21],[41,8],[37,29],[41,-16],[15,9],[24,-16],[30,11],[41,36],[22,-12],[39,44],[52,34],[23,62],[2,29],[31,24],[37,51],[11,56],[15,14],[19,53],[5,50],[31,69],[-9,33],[37,55],[23,-28],[54,-7],[71,14],[27,33],[45,28],[40,-50],[19,-3],[17,-43],[73,-16],[10,-22],[33,-21],[-22,-31],[-44,-88],[-38,-35],[-7,-36],[-28,-54],[-22,-25],[-54,-22],[-13,-36],[0,-68],[12,-26],[-4,-49],[-25,-14],[-7,-47],[-15,-19],[6,-55],[-43,-45],[18,-13],[23,23],[42,93],[14,9],[53,73],[8,47],[25,29],[45,35],[15,-32],[20,36],[18,-12],[49,-58],[6,-69],[-23,-52],[13,-23],[20,-5],[37,19],[73,-22],[32,-78],[39,-13],[36,20],[37,-13],[9,-30],[38,-28],[15,-40],[-7,-57],[17,-46],[26,-10],[2,-32],[47,-49],[9,-120],[-5,-38],[27,-73],[-8,-99],[-30,-102],[28,-103],[-4,-53],[23,-44],[45,-5],[20,-62],[28,-14],[36,-68],[2,-28],[19,-18],[-4,-36],[16,-39],[-88,-147],[-10,-59],[-4,-69],[31,-40],[-7,-59],[-3,-138],[42,-80],[-1,-94],[18,-45],[5,-112],[-5,-136],[8,-75],[-5,-58],[-19,-68],[-1,-100],[9,-60],[38,-27],[11,-38],[25,-17],[34,5],[23,-53],[29,-24],[18,16],[42,-22],[60,-89],[34,2],[33,-17],[48,-1],[57,9],[60,29],[12,16],[89,61],[9,-27],[29,4],[49,-39],[16,-3],[2,-65],[25,-26],[17,-51],[18,-20],[111,46],[16,15],[19,-32],[22,-2],[10,-22],[-26,-32],[-34,1],[-27,26],[-60,-46],[-18,-60],[-29,-54],[-16,-47],[-19,-30],[-44,-99],[-25,-34],[-30,-57],[-26,-69],[-20,-35],[-37,-20],[38,-33],[0,-29],[-15,-35],[15,-14],[8,-48],[-13,-18],[-14,-66],[20,-14],[-31,-104],[-10,-70],[0,-53],[14,-47],[22,13],[28,-4],[158,-8],[28,12],[7,-20],[28,-2],[34,-31],[17,-3],[40,-58],[44,7],[4,-30],[41,-14],[13,-29],[3,-44],[-6,-49],[12,-3],[5,-43],[-12,-39],[12,-47],[-9,-32],[2,-45],[36,-33],[22,-31],[8,-42],[35,-33],[30,-2],[21,-26],[42,6],[16,-20],[39,-23],[43,-48],[32,-8],[16,13],[33,-57],[30,0],[-4,-26],[-28,-32],[-48,-69],[-12,-26],[6,-42],[37,-4],[-47,-47],[-24,-49],[-16,-57],[-5,-51],[-26,-34],[-34,-117],[6,-93],[-13,-46],[0,-56],[-10,-53],[10,-12],[31,5],[22,-22],[20,34],[35,-2],[22,62],[51,17],[15,19],[37,14],[27,-30],[33,-14],[57,11],[32,20],[17,28],[65,-3],[-32,-59],[3,-16],[-47,-90],[-9,-45],[-18,-34],[-8,-67],[9,-18],[26,-7],[-19,-70],[17,-25],[8,-44],[-19,-92],[14,-18],[1,-42],[-16,-43],[-10,-140],[7,-69],[37,-68],[-9,-138],[1,-115],[14,-50],[-2,-45],[8,-82],[32,-90],[51,-50],[52,-19],[11,-30],[7,-60],[21,-25],[2,-83],[-28,-90],[-13,-62],[-3,-42],[20,-64],[-2,-38],[-33,-56],[-29,-63],[-24,-95],[-10,-74],[-1,-109],[-11,-122],[-23,-57],[-5,-29],[20,-56],[5,-48],[16,-45],[31,-52],[28,-20],[22,-63],[27,-27],[20,-71],[3,-73],[17,-37],[32,-113],[38,-64],[39,-28],[27,-31],[37,-26],[9,-30],[1,-51],[24,-79],[10,-131],[15,-44],[-5,-51],[3,-46],[-7,-72],[19,-94],[24,-65],[22,-42],[49,-228],[49,-125],[46,-88],[54,-77],[51,-51],[85,-72],[50,-23],[54,-10],[65,6],[26,-31],[22,-3],[29,27],[57,-8],[85,23],[27,-8],[15,24],[61,28],[85,60],[42,51],[37,66],[35,1],[23,44],[42,24],[5,27],[60,97],[14,76],[1,47],[-9,11],[8,48],[-12,43],[37,1],[14,20],[40,-43],[29,14],[23,-25],[38,-67],[40,-22],[18,15],[52,-30],[46,4],[34,14],[32,33],[45,6],[52,51],[75,23],[39,37],[48,67],[11,32],[38,74],[15,59],[11,18],[69,-16],[2,-19],[28,-34],[7,-37],[35,-42],[14,-40],[39,-19],[18,-35],[34,-36],[-2,-21],[-24,-68],[-12,-50],[11,-20],[5,-44],[-4,-65],[9,-31],[28,-6],[21,19],[45,-7],[50,26],[9,-18],[-6,-35],[-20,-29],[-40,-116],[-12,-62],[7,-34],[-8,-54],[15,-42],[32,-28],[44,-23],[39,-63],[18,-62],[13,-18],[75,-23],[0,11],[118,13],[30,19],[8,-109],[8,-27],[36,-19],[30,2],[19,-27],[34,2],[21,-20],[110,13],[45,-2],[21,-12],[8,-42],[22,-26],[-2,-46],[14,-38],[40,2],[20,-57],[-9,-36],[13,-112],[40,-34],[82,-11],[-4,-41],[15,-30],[33,-18],[3,-32],[87,-18],[30,6],[25,-20],[25,5],[38,-47],[72,-43],[18,6],[50,-12],[36,-20],[26,14],[37,-2],[65,11],[-27,-98],[10,-46],[50,-52],[7,-30],[46,-42],[21,-31],[19,-49],[41,-26],[30,7],[12,24],[34,-10],[29,32],[29,-22],[-6,-47],[11,-33],[-17,-12],[-82,-92],[-61,-79],[-39,-70],[-30,-73],[-30,-52],[-34,-95],[13,-27],[-11,-45],[9,-35],[-1,-47],[20,-40],[37,-116],[21,-25],[100,-7],[30,15],[13,21],[10,57],[25,0],[2,-54],[25,-48],[1,-40],[-31,9],[-25,-10],[-44,-35],[-58,-60],[-17,-38],[9,-31],[27,-27],[-30,-56],[6,-37],[-28,-23],[-38,-44],[-32,-50],[-21,-64],[3,-58],[38,5],[16,-14],[1,-31],[19,-3],[14,-65],[1,-35],[-19,-83],[29,-31],[12,-34],[30,2],[12,18],[36,-41],[6,-69],[23,-14],[-8,-29],[-29,-26],[11,-56],[-17,-28],[13,-33],[38,-27],[2,-37],[45,-80],[23,-49],[18,-123],[-10,-43],[-21,-40],[-9,-40],[14,-76],[36,-8],[11,-18],[-28,-69],[-24,-85],[4,-55],[31,-39],[27,3],[33,-48],[23,0],[25,-48],[33,-47],[3,-37],[13,-36],[39,-32],[13,-63],[20,-16],[0,-79],[28,-51],[-18,-19],[-2,-40],[-20,-31],[2,-42],[-15,-27],[-20,-59],[-8,-59],[7,-72],[26,-1],[34,-28],[3,-72],[26,-15],[-10,-100],[-42,-44],[-26,-1],[-23,-56],[-54,-82],[-3,-60],[-11,-50],[19,-34],[-25,-80],[-6,-47],[5,-71],[9,-30],[41,-27],[33,8],[18,-18],[38,4],[10,-21],[-6,-34],[6,-52],[49,-90],[20,-17],[28,-53],[13,-48],[17,-4],[3,-39],[19,-30],[33,-26],[55,-76],[11,-52],[27,-68],[102,-40],[72,-86],[47,-24],[4,-62],[28,-52],[25,8],[20,-44],[28,-30],[17,1],[22,-42],[34,-85],[39,-51],[35,-23],[6,-32],[-30,-20],[0,-57],[40,-45],[28,33],[47,13],[27,24],[9,28],[33,32],[33,-5],[25,-33],[-2,-37],[46,-10],[67,54],[26,46],[22,20],[35,-43],[10,-26],[21,-5],[3,-41],[-29,-3],[-37,-63],[16,-38],[-73,-94],[-23,-67],[9,-24],[-23,-73],[-5,-52],[7,-47],[40,-52],[19,-14],[13,-51],[19,-38],[47,-34],[10,-76],[31,-43],[-8,-24],[7,-71],[14,-23],[8,-102],[28,-17],[27,-63],[12,-68],[20,-76],[30,-69],[26,-40],[10,2],[28,-60],[20,-18],[29,-2],[16,-29],[-22,-143],[7,-61],[26,-32],[-1,-59],[-20,-37],[0,-32],[48,-76],[5,-32],[61,-55],[30,-41],[-31,-51],[20,-12],[6,37],[24,-16],[2,-44],[10,-39],[21,-38],[-44,-44],[-44,-85],[-22,-101],[1,-51],[19,-74],[-42,-50],[-9,-46],[35,-40],[-14,-38],[15,-62],[20,-15],[-35,-90],[-8,-45],[1,-78],[-15,-54],[3,-75],[-55,-66],[-28,-59],[-6,-28],[-31,-36],[-14,-33],[-19,-94],[-55,-108],[-4,-58],[8,-58],[-5,-36],[11,-94],[15,-88],[-5,-27],[25,-51],[25,-26],[32,-15],[0,-17],[37,-58],[42,-36],[1,-22],[38,-48],[13,-28],[37,-30],[46,-27],[21,-24],[35,-60],[19,-98],[16,-12],[-7,-38],[54,9],[19,-22],[-29,-22],[2,-40],[63,4],[36,-50],[79,-14],[34,-24],[47,-16],[46,-40],[36,3],[23,-15],[-4,-21],[22,-61],[-13,-26],[7,-42],[-8,-28],[-4,-72],[-45,-98],[5,-49],[-48,-124],[-41,-165],[-17,-112],[-7,-69],[2,-88],[6,-41],[30,-71],[53,-67],[12,-4],[32,-62],[15,-51],[44,-10],[22,-21],[24,-67],[17,-22],[40,-2],[22,-27],[80,-138],[46,-58],[32,1],[53,-56],[57,-13],[40,-37],[25,-15],[28,-48],[27,-29],[58,-6],[27,-10],[76,-64],[57,-17],[32,-26],[59,-24],[35,0],[37,16],[17,19],[29,3],[72,-11],[19,-13],[5,-62],[9,-39],[26,-47],[36,3],[26,-33],[45,-2],[32,-14],[-28,-39],[30,-13],[60,-70],[24,-17],[37,-7],[31,12],[33,0],[49,18],[36,-17],[7,23],[41,28],[69,124],[6,42],[35,31],[-9,71],[55,-48],[13,-91],[34,-44],[0,-54],[-32,-5],[-16,-57],[19,-13],[18,-59],[30,-70],[26,-38],[88,-91],[-9,-28],[39,-74],[21,10],[0,35],[123,-14],[64,-34],[58,14],[31,-40],[29,5],[18,19],[39,9],[54,39],[33,-3],[26,-15],[79,-16],[70,5],[53,-24],[24,0],[53,16],[26,43],[7,31],[-19,49],[-2,34],[-68,89],[3,43],[49,-66],[56,-124],[13,-47],[15,-89],[42,-109],[22,-30],[43,-30],[3,-23],[46,-80],[21,-1],[46,-104],[20,-95],[-5,-30],[13,-13],[22,-111],[32,11],[15,-16],[33,-91],[-6,-17],[-34,-9],[-14,-55],[-22,-45],[16,-20],[19,-74],[16,-28],[56,-62],[74,-57],[26,-60],[71,-20],[21,-17],[51,-1],[6,17],[42,3],[38,-7],[20,30],[-15,32],[10,15],[-16,73],[-43,42],[-1,38],[26,56],[9,44],[-15,45],[27,6],[35,-14],[68,8],[41,-5],[26,-42],[28,-10],[17,-51],[-10,-25],[4,-92],[13,-96],[16,-76],[18,-43],[39,-52],[30,-16],[39,-60],[24,-25],[37,-18],[32,6],[33,-18],[52,-10],[37,4],[41,33],[3,36],[20,21],[83,9],[43,24],[12,-13],[34,-111],[40,-48],[49,-12],[36,-23],[41,-13],[16,22],[43,14],[15,-16],[44,-5],[26,-20],[16,-42],[23,-30],[68,0],[-2,-63],[7,-24],[-52,-13],[-30,-25],[-16,-32],[22,-48],[37,-8],[22,-30],[55,-30],[-25,-25],[9,-37],[63,-32],[5,-23],[38,-51],[46,-13],[6,-36],[33,-14],[34,2],[49,-19],[26,9],[29,-14],[30,12],[12,-16],[47,64],[30,3],[14,15],[5,36],[17,31],[-34,-1],[-12,14],[-31,0],[-6,31],[-1,77],[28,42],[12,-11],[43,-4],[26,-43],[39,-33],[71,-9],[24,23],[2,26],[20,13],[42,-9],[-28,-54],[8,-67],[50,-69],[-29,-32],[27,-13],[-17,-40],[31,8],[25,-24],[-25,-17],[3,-43],[35,-16],[30,55],[9,-28],[-26,-26],[-6,-28],[33,-27],[47,17],[-12,68],[24,59],[18,-9],[-1,-109],[38,-13],[17,-51],[33,8],[9,-31],[-14,-31],[0,-41],[-17,-27],[12,-24],[53,30],[29,31],[54,-23],[9,36],[28,-12],[14,15],[-2,63],[28,5],[23,-25],[8,-40],[-2,-38],[52,-31],[-31,-37],[-45,5],[8,-25],[61,-45],[-3,-16],[55,-1],[27,-49],[35,-41],[-18,-61],[19,-68],[-7,-63],[3,-40],[19,-1],[30,-52],[31,-23],[25,-42],[43,23],[15,-43],[-37,6],[-16,-31],[32,-39],[17,0],[49,-51],[16,-42],[-26,3],[-67,-25],[-19,51],[-39,-2],[-31,-11],[0,36],[-25,0],[-2,34],[-51,7],[5,82],[-21,33],[25,60],[-2,31],[-33,27],[-57,17],[-7,-40],[-32,-6],[23,-64],[-4,-31],[-48,-40],[-30,12],[-37,-25],[-35,26],[-18,35],[-36,22],[-23,-12],[17,-31],[40,-45],[4,-33],[-25,-75],[-27,-50],[-34,-39],[-28,-72],[-16,-22],[59,-47],[15,-35],[-10,-31],[29,-50],[46,-7],[20,7],[-22,-67],[-28,-24],[45,-47],[19,-6],[-4,-79],[63,-21],[26,-31],[20,8],[14,-90],[17,-1],[35,-37],[22,13],[46,-16],[20,-36],[-31,-3],[-23,-38],[-39,-13],[93,-59],[26,-57],[-12,-71],[55,13],[48,29],[12,-21],[-1,-38],[71,-43],[22,26],[33,-9],[11,24],[23,5],[9,-42],[39,-28],[20,26],[38,-13],[-7,-19],[24,-27],[30,0],[28,42],[49,-27],[-12,-24],[14,-25],[-16,-20],[-37,20],[-33,-39],[25,-19],[-12,-73],[5,-68],[21,16],[27,-7],[8,18],[48,25],[60,-3],[39,-36],[27,-42],[47,21],[38,-20],[22,2],[-4,-43],[11,-34],[20,-26],[18,14],[23,-6],[21,-66],[36,-59],[42,41],[7,-22],[-10,-89],[20,-18],[-24,-25],[-6,-44],[2,-48],[-34,50],[-24,-21],[37,-27],[-26,-23],[-24,-88],[8,-76],[22,-21],[20,-67],[-37,-77],[7,-30],[-29,-47],[25,0],[12,29],[48,60],[81,54],[7,-48],[13,-26],[32,-24],[49,17],[-8,-36],[-3,-103],[14,-36],[-7,-21],[44,-40],[-13,-15],[5,-33],[18,-3],[-10,-54],[-28,-24],[-51,8],[31,-57],[51,14],[41,-3],[13,-44],[-23,-3],[-17,26],[-16,-21],[-43,-8],[-12,-36],[-1,-49],[7,-40],[-51,-21],[29,-23],[11,-50],[21,-14],[14,23],[34,31],[41,14],[4,27],[42,-38],[17,-42],[26,17],[46,13],[-15,-38],[-13,-83],[37,-8],[14,-20],[35,-4],[60,-26],[13,-62],[10,-1],[49,122],[40,3],[8,-51],[-4,-56],[-26,-9],[-5,-45],[-49,-39],[-16,-28],[-16,-55],[-1,-58],[13,-48],[26,-34],[-5,-32],[10,-51],[31,-1],[10,-87],[-37,29],[-49,-44],[-12,-25],[-6,-131],[16,-39],[18,-3],[42,-31],[-18,-23],[17,-26],[22,-2],[-18,-56],[-5,-49],[9,-60],[0,-92],[37,-82],[19,-88],[23,-34],[30,-24],[32,-68],[-9,-15],[-8,-55],[1,-62],[17,-56],[37,-76],[10,-39],[26,-18],[13,-81],[20,-17],[-23,-26],[37,-137],[36,-53],[28,-16],[5,-21],[-9,-59],[68,-43],[68,-97],[11,-25],[3,-48],[28,-3],[28,30],[27,-6],[30,-64],[15,0],[7,38],[44,25],[35,-22],[48,-55],[-27,-9],[-16,-23],[-2,-80],[-6,-42],[19,-26],[48,46],[27,86],[5,31],[65,-5],[43,-63],[40,-21],[15,-21],[20,-77],[27,-63],[46,-78],[82,-46],[13,-37],[42,-14],[45,-38],[37,-62],[33,-75],[0,-44],[24,-10],[38,-86],[43,-38],[9,39],[-18,3],[1,43],[-26,45],[-6,40],[-17,19],[-21,106],[1,47],[-20,22],[-24,46],[-9,61],[-19,57],[-25,30],[-16,59],[-41,103],[-21,33],[-45,125],[34,3],[5,62],[-29,1],[-6,21],[19,32],[-16,28],[4,56],[35,63],[19,63],[10,66],[30,72],[20,32],[56,31],[13,39],[32,21],[48,-12],[26,52],[32,-2],[33,-24],[5,-38],[16,-12],[28,8],[-1,-33],[16,-55],[55,-146],[64,-59],[38,-19],[-4,-34],[18,-42],[0,-55],[48,-22],[38,-37],[-33,-46],[-10,-32],[6,-24],[54,-30],[55,-57],[107,-31],[34,8],[47,-23],[4,-34],[36,-25],[19,-1],[28,-42],[59,-35],[27,-28],[28,-2],[14,-25],[42,-27],[5,-44],[25,7],[23,-14],[54,-68],[62,-11],[74,-67],[1,33],[46,-34],[30,-10],[29,-24],[53,-17],[16,-30],[46,8],[1,29],[-29,64],[-32,57],[4,53],[-40,56],[9,25],[-20,20],[-37,58],[22,20],[-11,32],[6,79],[-17,69],[15,28],[2,61],[26,23],[12,56],[26,21],[49,-38],[27,4],[53,-16],[18,5],[49,-45],[-20,-102],[-35,-18],[55,-13],[29,-62],[-18,-59],[24,-15],[10,95],[13,18],[-8,26],[-24,32],[-15,35],[28,20],[9,37],[36,-43],[-4,-31],[19,-12],[-6,-24],[9,-77],[14,-49],[25,-26],[67,-22],[40,3],[1,-20],[28,-45],[-23,-19],[-23,3],[-26,-42],[-6,-75],[-34,3],[-35,18],[2,25],[-34,17],[-71,13],[44,-52],[-24,-9],[23,-70],[34,-26],[9,-34],[41,6],[31,-14],[13,-34],[0,-35],[-18,-51],[13,-44],[31,-43],[16,32],[-7,56],[11,41],[34,37],[9,53],[-20,83],[57,-7],[28,-30],[-22,-12],[19,-29],[-16,-50],[-16,-135],[7,-72],[8,-21],[58,-7],[-1,-66],[22,-25],[44,-14],[-20,-78],[-15,-106],[-10,-10],[-12,-66],[-4,-60],[8,-12],[-14,-49],[-16,-28],[-22,-148],[-4,-49],[1,-87],[16,-18],[-7,-40],[-33,-55],[-5,-112],[-7,-62],[-1,-88],[-9,-44],[-40,-109],[-3,-89],[29,-19],[29,-67],[44,8],[2,-111],[-10,-23],[23,-46],[20,-17],[25,25],[31,-97],[-12,-60],[-27,-39],[-16,-1],[-33,-52],[-20,-9],[-44,22],[5,-45],[31,-19],[25,8],[0,-97],[29,-111],[27,-66],[48,-77],[90,-110],[-14,-19],[-12,-43],[-27,-15],[-111,17],[-33,-3],[43,-45],[92,-55],[25,-10],[57,-6],[1,-58],[-26,-26],[40,-8],[56,43],[29,13],[31,28],[53,-10],[11,-15],[-6,-72],[5,-64],[-18,-15],[-46,-12],[-19,-25],[13,-15],[31,28],[30,3],[32,22],[9,40],[6,100],[83,-29],[17,6],[29,-21],[9,-62],[34,-93],[30,-33],[40,-11],[42,-29],[16,-23],[33,-9],[31,-31],[10,-39],[19,-27],[-29,-19],[7,-25],[55,-39],[14,-48],[15,-22],[-37,-59],[28,-1],[28,-19],[29,-45],[-35,-16],[20,-57],[52,-29],[30,10],[37,-3],[23,20],[53,-47],[47,-10],[5,-36],[18,-22],[50,-11],[26,21],[21,-22],[-4,-41],[15,-3],[6,-39],[19,-54],[28,-36],[24,-50],[27,-3],[30,-40],[63,-44],[55,-62],[13,-43],[-9,-35],[16,-31],[-25,-61],[43,-43],[2,101],[27,-20],[4,-45],[27,-31],[33,-15],[-7,56],[-88,85],[-10,62],[14,5],[44,-17],[14,11],[84,-53],[105,-47],[-5,-25],[-32,8],[-53,-15],[33,-34],[16,-34],[-23,-15],[19,-60],[73,4],[15,42],[-15,11],[10,41],[36,55],[9,-27],[36,-9],[51,16],[24,-34],[33,-4],[5,-38],[38,-19],[24,-23],[42,-9],[-33,52],[-6,31],[10,20],[-18,41],[-59,53],[-2,20],[-59,15],[-18,-5],[1,61],[12,26],[41,8],[27,-14],[19,9],[38,-26],[28,-6],[39,-48],[65,-39],[25,-2],[1,-29],[-36,-29],[-4,-53],[28,-31],[27,23],[-16,32],[48,52],[6,54],[22,-17],[30,-4],[-4,-57],[2,-58],[16,-67],[33,-115],[15,-13],[27,-54],[65,-61],[21,-31],[18,16],[33,-5],[24,-34],[30,29],[16,57],[26,-118],[16,-33],[27,-3],[36,-67],[23,-13],[22,-92],[9,-57],[19,-65],[15,-28],[39,-158],[36,-117],[24,-68],[86,-180],[57,-70],[28,-62],[52,-83],[31,-31],[61,-88],[45,-50],[78,-58],[33,-6],[71,-55],[52,-65],[76,-61],[45,-25],[133,-48],[60,29],[44,-46],[-14,-37],[58,5],[19,-50],[40,-36],[17,-34],[28,-9],[31,-43],[-4,-26],[41,-94],[-1,-36],[13,-34],[10,-111],[-14,-28],[-1,-69],[13,-77],[52,-117],[68,-116],[49,-119],[63,-70],[72,-44],[43,-32],[-22,-53],[-22,-10],[-35,12],[-30,-6],[-26,13],[-47,-16],[-6,-28],[32,1],[63,-16],[49,12],[36,-45],[29,-58],[65,-79],[16,3],[48,-33],[83,-32],[101,-5],[71,8],[20,9],[19,57],[35,-13],[-4,-37],[18,-44],[47,-21],[125,1],[27,-31],[-31,-60],[14,-86],[25,-61],[-19,-37],[15,-65],[-17,-56],[-30,-3],[-2,-40],[-36,-28],[-31,-11],[-8,-39],[-28,-36],[-13,-38],[-31,-1],[-31,-22],[61,-13],[42,34],[30,57],[47,33],[55,7],[17,13],[20,50],[33,-3],[16,-31],[-19,-52],[-50,-25],[-19,-33],[-45,-42],[11,-62],[11,-27],[-17,-45],[-49,-28],[-22,-25],[12,-46],[-2,-111],[36,-12],[22,-84],[-11,-34],[16,-15],[10,-36],[-59,4],[-12,-26],[36,-18],[44,-46],[29,-16],[-26,-35],[18,-51],[41,-8],[-3,-48],[53,8],[31,-13],[17,-27],[-13,-67],[-16,-20],[-36,-2],[-5,-30],[76,1],[28,16],[27,-30],[38,-22],[23,-71],[-28,-49],[-36,-36],[28,-5],[24,37],[27,-34],[-14,-52],[-34,-2],[-14,-60],[17,-30],[33,-32],[-35,-20],[-24,-29],[13,-67],[45,15],[-4,38],[30,-10],[-9,44],[30,59],[-37,14],[-9,46],[77,23],[3,67],[-31,47],[2,43],[18,29],[1,26],[43,38],[9,-118],[13,-65],[19,-57],[46,-74],[32,-37],[41,-29],[64,-14],[52,31],[-88,-214],[-35,-97],[-54,-167],[-41,-147],[-49,-206],[-22,-117],[-15,-139],[0,-50],[17,-92],[21,-44],[40,-27],[37,27],[20,-9],[-4,-50],[-38,-213],[-12,-98],[-5,-80],[25,-43],[-12,-97],[2,-74],[8,-29],[-2,-70],[20,-91],[30,-29],[40,4],[-8,-146],[6,-128],[35,-83],[-38,-20],[-31,-2],[-9,-68],[-22,-40],[5,-60],[-15,-32],[6,-24],[-41,-25],[-25,-1],[-23,-36],[-25,-22],[-9,-52],[-17,1],[-21,-37],[36,-47],[19,-6],[1,-31],[-17,-15],[26,-24],[7,-62],[27,-37],[47,-37],[24,-51],[0,-34],[33,5],[45,-38],[-35,-33],[-52,-1],[-71,-45],[-40,-33],[-37,-88],[-32,-52],[-15,-48],[20,-51],[32,5],[94,-30],[35,15],[8,26],[21,-1],[10,-61],[-3,-56],[-24,-87],[-37,15],[-33,-20],[-20,19],[-6,28],[17,56],[-52,-6],[17,-21],[27,-71],[15,-9],[-36,-55],[2,-52],[12,-37],[32,-22],[0,-34],[62,-42],[36,-13],[39,-26],[44,-7],[5,-47],[-30,-24],[10,-19],[-13,-45],[-22,-32],[-41,-23],[4,-12],[54,36],[38,62],[-5,21],[80,136],[32,-22],[-56,-95],[-22,-91],[13,-68],[27,-31],[26,-67],[17,-17],[45,-9],[47,7],[45,-6],[-5,-26],[16,-24],[-9,-40],[32,-7],[38,6],[-12,-49],[-16,-28],[31,-59],[44,-12],[-8,-26],[19,-30],[-26,-32],[6,-48],[17,-17],[3,-73],[-10,-17],[7,-43],[21,-27],[-9,-28],[16,-49],[62,12],[21,-48],[65,5],[12,2],[8,6],[26,-37],[10,-42],[23,-22],[51,-7],[-1,-54],[-27,-49],[-99,-14],[-6,-6],[19,-14],[5,-8],[-20,-16],[-25,0],[-6,-48],[37,-35],[-14,-24],[31,-8],[9,-50],[13,-19],[-21,-33],[37,-109],[-6,-55],[11,-35],[0,-35],[34,-25],[0,56],[15,15],[-2,-103],[5,-83],[15,-109],[31,-125],[24,-33],[44,-89],[26,-16],[31,-51],[58,-52],[67,6]],[[71724,97325],[-26,1],[-31,25],[-19,31],[6,29],[-14,18],[23,46],[15,2],[48,73],[38,0],[23,14],[92,21],[5,-55],[12,-24],[9,-59],[-13,-78],[-1,-51],[-20,2],[-47,-67],[-42,-10],[-23,4],[-18,65],[-17,13]],[[71759,99883],[18,33],[82,26],[47,35],[70,22],[25,-45],[30,-41],[51,23],[19,-2],[52,-24],[-4,-33],[-20,-39],[-24,-14],[-41,7],[-20,-9],[-105,10],[-36,0],[-78,16],[-54,21],[-12,14]],[[92242,62048],[-7,55],[18,18],[38,-10],[-16,40],[2,21],[23,24],[-49,22],[-13,18],[22,43],[25,0],[74,-54],[9,-51],[15,-25],[-12,-19],[27,-32],[-2,-19],[34,-11],[15,-36],[-7,-36],[-23,5],[-4,-39],[-33,-10],[-27,-25],[-16,-30],[-21,6],[-45,-39],[-18,41],[20,33],[5,37],[-46,70],[12,3]],[[90743,62386],[3,34],[21,33],[-6,19],[14,41],[-13,22],[8,41],[26,78],[-4,28],[38,40],[29,1],[-11,-72],[29,-76],[15,-68],[18,-16],[-23,-61],[7,-62],[-16,-56],[4,-29],[-39,-76],[-29,-10],[-56,29],[3,33],[21,12],[-39,115]],[[88601,68033],[15,-4],[-5,-54],[24,-1],[2,-24],[29,1],[21,-12],[39,-74],[31,-39],[-63,-24],[-20,-37],[-34,36],[-17,-9],[-35,17],[6,-41],[-35,-26],[-25,0],[-8,31],[7,38],[-19,33],[-51,-38],[-4,29],[-37,22],[25,17],[10,35],[28,4],[28,57],[-4,88],[6,63],[13,25],[-10,87],[26,6],[25,-12],[-9,-41],[16,-32],[-11,-37],[6,-21],[41,9],[7,-39],[-18,-33]],[[72035,96035],[14,30],[56,25],[44,-5],[36,15],[2,-25],[33,-40],[13,-58],[-16,-10],[-26,-41],[-33,-21],[-70,-13],[-26,18],[-51,79],[24,46]],[[73125,99571],[44,-15],[27,21],[60,22],[134,-15],[8,-29],[-27,-29],[-26,4],[-62,-29],[-29,-56],[-86,-25],[-36,11],[-41,0],[-45,-11],[-33,13],[-45,7],[-69,41],[4,58],[22,20],[22,1],[41,32],[26,12],[35,-4],[30,-27],[46,-2]],[[72204,97128],[-18,-14],[-15,-40],[-34,-36],[-14,-33],[-19,4],[-28,42],[-53,27],[-66,17],[-42,47],[-28,57],[30,34],[19,42],[15,79],[20,30],[42,22],[40,-7],[43,21],[44,-33],[29,6],[23,-33],[36,8],[17,-27],[2,-53],[29,-22],[-8,-40],[-27,-45],[-38,-42],[1,-11]],[[82681,72281],[-29,9],[23,39],[2,69],[27,38],[-21,40],[-3,23],[34,5],[11,-27],[46,-18],[45,-68],[0,-37],[22,-30],[55,13],[44,26],[12,-12],[-22,-71],[-32,-7],[-37,-22],[-22,2],[-20,30],[-30,12],[-16,-11],[-71,17],[-18,-20]],[[64510,78289],[10,-67],[-31,-20],[-31,-33],[-1,-28],[-53,-1],[19,51],[-18,76],[15,41],[62,61],[21,-3],[22,-28],[-15,-49]],[[64451,78430],[-21,45],[23,32],[3,40],[50,49],[66,55],[21,40],[-8,28],[12,42],[57,49],[0,40],[55,31],[66,46],[19,31],[28,20],[58,-14],[35,11],[40,29],[57,0],[82,22],[32,-9],[79,6],[41,30],[18,22],[96,45],[55,63],[54,-23],[65,-7],[17,-10],[31,-52],[35,-27],[42,-51],[64,-4],[14,-32],[40,-50],[8,-26],[-7,-25],[3,-42],[24,-33],[4,-29],[-60,-8],[-13,42],[-60,3],[-46,-39],[-27,-3],[-80,-62],[-17,38],[1,28],[-23,12],[-9,35],[13,16],[-10,29],[-46,24],[2,28],[-42,-13],[-2,-24],[-27,-37],[-6,-22],[-69,1],[-16,-24],[-30,-1],[-5,-20],[17,-32],[65,-2],[11,-36],[-39,-61],[-12,46],[-29,13],[-24,-3],[-39,-37],[30,-23],[2,-30],[-11,-51],[14,-21],[-17,-45],[-57,-3],[17,-44],[5,-61],[-32,-20],[-54,1],[-2,38],[-20,40],[-35,23],[-35,-37],[10,-19],[-34,-41],[-15,-57],[-30,4],[-64,-62],[-29,-58],[-27,15],[-34,-29],[-49,9],[-9,17],[-52,-1],[-34,-19],[-15,52],[-13,14],[-45,7],[-10,40],[3,49],[-17,29],[-57,-3],[-20,29],[0,24]],[[65252,77068],[-22,19],[1,35],[-31,14],[-65,-19],[-24,-30],[-4,-33],[-24,-11],[-16,42],[-21,19],[-15,71],[44,-1],[28,19],[16,25],[49,34],[13,49],[20,38],[24,-15],[9,32],[23,-3],[23,58],[-8,57],[31,-16],[30,-60],[64,-71],[26,-10],[-11,-30],[15,-67],[35,-41],[-10,-30],[-35,-21],[-47,-1],[-34,-14],[-14,-39],[-54,11],[-16,-11]],[[98525,53030],[44,87],[9,39],[-3,74],[-18,64],[8,18],[-15,43],[18,57],[-17,95],[-35,5],[-24,-22],[-48,11],[-11,17],[18,35],[76,96],[37,15],[61,38],[144,130],[84,93],[84,131],[42,77],[36,82],[-6,22],[13,52],[2,81],[-21,54],[-64,118],[-53,85],[-52,49],[-37,19],[-53,6],[10,28],[71,87],[37,58],[40,48],[71,63],[92,53],[41,-5],[-16,-327],[3,-114],[10,-76],[13,-47],[34,-91],[30,-52],[70,-61],[63,-12],[5,-98],[13,-21],[-18,-67],[-63,-142],[-146,-377],[-153,-371],[-30,-76],[-110,-295],[-49,-137],[-68,-213],[-36,-153],[-13,-80],[-4,-64],[8,-97],[22,-105],[-28,-101],[-43,-14],[-27,3],[-49,29],[-35,50],[-19,76],[-29,32],[-17,77],[3,48],[-18,35],[-6,41],[-19,42],[-5,39],[6,39],[-25,22],[6,30],[-50,51],[14,30],[1,69],[33,33],[20,53],[35,35],[8,75],[-16,58],[7,44],[45,80],[8,30],[54,67]],[[93748,58560],[93,-14],[87,-56],[101,-1],[-16,-60],[16,-3],[44,40],[3,43],[41,29],[1,-108],[-25,-103],[0,-126],[27,-36],[7,-62],[39,-58],[42,1],[16,-50],[19,-11],[20,-90],[13,-115],[-33,-42],[9,-43],[-19,-27],[-40,37],[-48,3],[-53,-56],[-24,4],[-71,78],[5,18],[-32,42],[-50,104],[-32,59],[-14,46],[-39,47],[-58,12],[-11,30],[-68,42],[-45,33],[-21,69],[-13,79],[-49,48],[-46,111],[-13,55],[-29,18],[32,29],[49,12],[22,71],[60,-13],[41,22],[38,-34],[13,-22],[-21,-20],[32,-32]],[[88438,68463],[40,28],[57,21],[-13,-48],[-17,-6],[-2,-34],[23,-6],[-17,-34],[-23,10],[-15,-17],[17,-53],[5,-91],[-38,-54],[-10,21],[13,92],[-27,-22],[-6,-57],[-18,-17],[-17,24],[28,74],[-37,-7],[-9,-57],[-23,-8],[-10,34],[15,113],[36,4],[19,28],[1,36],[-23,28],[29,39],[22,-41]],[[81747,73403],[-20,37],[-36,36],[-62,120],[-78,40],[-20,28],[-28,16],[-32,49],[-18,15],[-23,43],[91,40],[48,-3],[9,-15],[44,-15],[41,-48],[42,-11],[34,-37],[69,-18],[29,-29],[9,34],[-23,29],[7,55],[-15,22],[6,24],[-21,27],[8,51],[39,-39],[25,-37],[59,-8],[44,11],[32,-17],[-22,-22],[-26,-65],[-24,-84],[-1,-49],[35,-24],[-1,-22],[28,-19],[12,-45],[32,3],[31,-23],[18,-64],[-36,-13],[-2,-29],[30,-7],[7,-27],[37,-18],[-21,-45],[-18,3],[-7,-33],[-16,-17],[-5,-38],[9,-34],[-8,-35],[-53,-25],[-38,18],[-26,-5],[-71,1],[-69,35],[-1,16],[-23,60],[-28,38],[6,77],[10,20],[-19,72]],[[71913,96032],[31,-36],[8,-35],[31,-26],[21,-39],[30,-18],[10,-58],[33,-44],[26,-46],[0,-28],[-14,-23],[-3,-32],[-33,40],[-57,-78],[-18,48],[-39,-10],[-54,-72],[2,-45],[-19,-12],[-69,25],[-11,44],[-19,32],[-24,4],[-16,31],[-27,89],[9,55],[-8,32],[19,17],[28,52],[16,-14],[26,29],[13,34],[37,-3],[19,19],[26,52],[26,16]],[[83320,71275],[17,-17],[89,17],[-22,-66],[-1,-34],[-56,-41],[-11,-34],[-24,-29],[-33,33],[-49,29],[-31,69],[-29,22],[27,40],[62,-6],[61,17]],[[99513,48252],[56,25],[34,-14],[-24,-65],[-34,-120],[-27,-113],[-24,-120],[-15,-128],[-4,-117],[3,-51],[15,-84],[26,-43],[7,-69],[-16,-49],[-30,10],[8,64],[-41,96],[-18,79],[-51,108],[-4,46],[-24,54],[16,59],[0,35],[-26,101],[19,70],[-5,104],[-14,39],[68,53],[34,-1],[71,31]],[[99708,46896],[-67,-209],[-25,-96],[-30,-151],[-12,-73],[-9,-97],[2,-41],[-24,4],[-47,-39],[-33,6],[-16,48],[-30,44],[18,12],[5,30],[-14,30],[8,60],[46,36],[8,20],[-36,97],[16,42],[-8,77],[4,55],[-7,32],[9,61],[-7,30],[-28,28],[20,21],[6,40],[34,17],[40,165],[-1,55],[37,19],[48,-60],[24,-21],[111,-30],[36,2],[-2,-34],[-37,-71],[-39,-109]],[[98739,48270],[-44,34],[-5,44],[-16,31],[-33,29],[5,52],[28,51],[-18,19],[-1,26],[-19,24],[7,37],[56,32],[56,43],[21,-4],[23,-104],[39,-159],[27,-84],[29,-75],[48,-87],[20,-70],[-24,-43],[-74,-11],[-19,29],[-12,51],[-21,15],[-28,39],[-9,53],[-36,28]],[[39502,34723],[0,736],[0,213],[0,1735],[0,1332],[0,3698],[0,2666],[0,3984],[0,66],[-1,2104]],[[39501,51257],[316,0],[435,0],[540,0],[546,0],[353,0],[521,0],[349,0],[692,0],[525,0],[672,0],[434,0],[438,0],[628,0],[750,0],[277,0],[711,0],[410,0],[847,0],[653,0],[498,0],[454,0],[549,0],[418,0],[511,0],[688,0],[550,0],[462,0],[589,0],[329,0],[575,0],[305,0],[689,0],[481,0],[608,1],[604,0],[420,1],[614,0],[409,1],[410,0],[637,1],[591,0],[614,1]],[[68890,16211],[-118,10],[-38,12],[-70,-8],[-77,28],[-57,-3],[-27,-19],[-45,11],[-34,-11],[-21,-23],[-125,15],[-50,-15],[-84,-9],[-49,55],[-31,7],[-55,32],[-41,9],[-23,-14],[-24,22],[-10,38],[-36,8],[-87,47],[-67,87],[-49,26],[-38,43],[-36,14],[-47,3],[-59,46],[-16,32],[-32,15],[-29,56],[-14,57],[-79,141],[3,11],[-26,56],[-48,82],[-12,34],[-65,111],[-47,69],[-57,72],[-98,113],[-51,45],[-124,91],[41,45],[-4,52],[-19,33],[-35,34],[-75,49],[-41,53],[-67,28],[-30,-7],[-13,-33],[-32,3],[-12,30],[-40,30],[-84,110],[-40,31],[-14,37],[-35,48],[-51,41],[-44,77],[-14,36],[-23,19],[-61,71],[-30,53],[-57,81],[-19,53],[-13,10],[-63,124],[-42,43],[5,39],[26,13],[58,-10],[29,21],[14,34],[3,60],[-32,86],[-39,46],[-54,16],[-10,36],[-2,47],[7,64],[-50,68],[-71,56],[-56,66],[13,48],[51,5],[56,35],[24,27],[46,27],[79,32],[49,52],[47,36],[43,57],[35,74],[28,161],[4,147],[-6,88],[-38,169],[-60,210],[-50,162],[-33,94],[-43,105],[-31,64],[-47,120],[-71,165],[-133,264],[-100,173],[-58,98],[-99,151],[-68,96],[-96,128],[-173,210],[-75,85],[-129,138],[-152,152],[-139,127],[-143,119],[-125,99],[-174,128],[-199,128],[-153,85],[-48,18],[-126,56],[-123,44],[-72,17],[-66,7],[-46,-28],[-4,-29],[-68,-10],[-79,-22],[-79,-98],[15,-33],[-90,-53],[-31,-33],[-75,-66],[-103,26],[-130,9],[-51,-33],[-72,5],[-51,-3],[-147,5],[-85,-9],[-26,-25],[-79,-35],[-77,-9],[-65,11],[-89,46],[-38,39],[-24,1],[-19,23],[-4,59],[30,25],[23,38],[19,61],[29,35],[38,34],[46,55],[60,-16],[45,30],[29,9],[89,57],[74,53],[19,30],[70,131],[9,34],[27,36],[54,43],[46,21],[70,13],[54,39],[20,6],[15,49],[3,63],[-13,80],[3,40],[35,22],[9,48],[20,23],[-6,58],[9,22],[-14,111],[10,28],[-7,57],[2,67],[34,77],[31,30],[4,28],[32,89],[17,17],[5,32],[-20,110],[2,59],[-30,91],[-54,236],[1,32],[31,78],[-2,65],[-25,39],[24,36],[42,22],[27,-25],[-14,-84],[15,-30],[60,-7],[25,22],[0,52],[-21,39],[-4,48],[-37,58],[-24,21],[-55,27],[-53,71],[-28,15],[-73,69],[28,64],[-39,69],[-20,1],[-29,66],[-30,7],[-36,33],[-37,21],[-29,44],[-27,86],[-23,39],[-69,42],[-31,37],[-51,32],[-17,24],[-14,116],[-44,140],[-37,57],[14,64],[-21,99],[-37,46],[-30,58],[-21,12],[-68,-7],[-26,13],[1,23],[34,11],[12,52],[-20,85],[-32,51],[-25,11],[-14,36],[-58,72],[-8,32],[-34,21],[-31,-4],[-21,-21],[-35,-71],[-20,-16],[-37,-92],[-9,-58],[-45,-39],[-18,-75],[48,-67],[-13,-70],[-2,-46],[-20,-71],[-51,-60],[-100,-85],[-72,-92],[-12,-75],[-30,-71],[0,-36],[-22,-27],[-11,-36],[-3,-152],[-20,-40],[0,-51],[41,-39],[35,-10],[-14,-50],[-38,-40],[-23,-64],[10,-78],[-29,-80],[-4,-65],[-22,-84],[12,-19],[-33,-47],[-44,-46],[-19,-71],[-14,-15],[-45,-103],[-11,-48],[1,-35],[21,-16],[-32,-27],[-15,-40],[-3,-34],[-26,-38],[-31,-74],[-9,-39],[9,-36],[7,-87],[-14,-12],[-37,8],[-40,-21],[26,-57],[20,-17],[8,-30],[-13,-54],[38,-31],[-66,-49],[-52,-13],[-56,-36],[-16,-51],[-49,-8],[-59,0],[-35,27],[-32,37],[-137,84],[-83,11],[-24,-16],[-36,24],[-70,31],[-42,7],[-65,0],[-125,-66],[-52,-39],[-29,-49],[6,-32],[-22,-18],[-51,8],[-32,-9],[-58,21],[-41,6],[-54,-16],[-66,-55],[-51,-74],[-5,-63],[-32,-16],[-59,-9],[-18,-12],[-62,17],[-25,-8],[-36,26],[-111,25],[-81,4],[-35,-6],[-48,-41],[1,-36],[-31,-6],[-7,-44],[-51,-5],[-5,-39],[-50,-12],[-59,1],[-7,-21],[-35,-21],[-30,39],[-23,-4],[-25,19],[-15,39],[-37,53],[4,44],[37,16],[0,115],[48,-12],[59,29],[11,17],[1,47],[45,25],[17,30],[34,11],[19,32],[14,67],[31,47],[-11,71],[-55,115],[26,9],[14,34],[37,15],[16,28],[-5,58],[21,75],[-3,23],[40,16],[49,46],[5,19],[-13,48],[95,-18],[71,-43],[41,-4],[159,12],[102,44],[55,-11],[134,31],[33,-19],[34,-69],[41,-21],[65,4],[34,-58],[36,-11],[84,34],[49,37],[47,55],[20,60],[-1,63],[7,60],[-1,108],[42,137],[5,71],[25,81],[11,122],[32,62],[9,70],[-6,119],[-26,65],[-18,27],[-18,73],[-15,19],[27,112],[-16,131],[-32,26],[-33,-10],[-23,-29],[-11,-53],[-29,-34],[-32,30],[-1,25],[32,27],[26,40],[22,88],[27,-8],[34,9],[25,76],[4,82],[20,52],[16,19],[7,56],[-11,49],[8,162],[-25,50],[-16,52],[-47,63],[-17,56],[-20,33],[13,21],[62,-16],[34,11],[28,-11],[27,8],[20,31],[5,46],[42,57],[5,40],[15,2],[39,89],[-20,63],[-36,38],[-33,22],[22,26],[46,10],[12,50],[28,12],[8,25],[58,68],[71,40],[-4,56],[-69,73],[37,34],[64,98],[60,46],[35,43],[56,42],[56,54],[25,88],[46,69],[44,50],[60,34],[23,39],[46,47],[22,39],[31,10],[35,34],[43,89],[33,26],[65,2],[13,-29],[-28,-50],[-21,-4],[-12,-38],[49,14],[20,36],[7,61],[15,50],[-4,50],[26,6],[11,-52],[37,-7],[28,72],[-79,-3],[-15,18],[13,105],[-26,25],[-8,56],[-44,87],[-6,35],[-25,22],[-16,30],[-42,45],[-12,24],[9,92],[21,17],[4,68],[-9,39],[-37,15],[-12,-33],[-22,7],[-23,29],[10,26],[-28,14],[-44,47],[-15,34],[4,40],[34,36],[-13,11],[16,52],[26,58],[36,-8],[-2,34],[68,43],[78,32],[43,-7],[27,48],[45,-13],[16,26],[29,24],[60,4],[40,-50],[44,50],[31,24],[15,63],[-44,32],[22,35],[-8,40],[-57,121],[-46,36],[-35,14],[-50,4],[-32,31],[14,48],[-44,121],[-5,54],[-33,160],[-30,61],[-18,79],[-8,72],[3,71],[33,18],[1,34],[31,-20],[31,4],[0,25],[-54,35],[-31,37],[-33,16],[-16,30],[-54,16],[-55,33],[10,28],[31,-1],[22,42],[-5,34],[-32,49],[-42,23],[-81,90],[39,75],[37,19],[-29,41],[-28,11],[-24,-5],[-50,19],[5,68],[-41,12],[-11,46],[-29,-60],[21,-77],[16,-128],[-5,-61],[-23,-90],[4,-26],[-10,-47],[16,-48],[-20,-31],[6,-47],[29,5],[24,19],[23,-6],[16,-35],[31,-25],[19,-36],[-18,-33],[-15,-67],[21,-51],[-4,-22],[16,-75],[1,-57],[-44,-54],[16,-65],[-23,-65],[-88,17],[-10,-35],[19,-69],[40,-67],[22,-71],[-90,-5],[-62,14],[-22,48],[-18,5],[-33,36],[-75,25],[-65,-23],[-10,-15],[-46,-30],[-40,-70],[11,-57],[-35,-12],[25,-38],[-54,-28],[-42,-63],[-51,-58],[-2,-26],[-61,-37],[-24,-4],[-20,-30],[-74,-26],[-33,-31],[-16,-37],[2,-65],[-8,-10],[-3,-117],[-19,-45],[-41,-64],[-18,-50],[-21,-32],[-23,-9],[-14,-28],[-13,-82],[-2,-56],[17,-97],[-15,-20],[-7,-37],[-35,-51],[-1,-69],[-59,-50],[-27,-11],[-26,-35],[-23,-46],[-1,-36],[-22,-17],[-23,-99],[-25,-85],[-31,-26],[-29,-89],[-62,-84],[-10,-32],[-33,-44],[-67,-28],[-35,-50],[-107,-30],[-76,-2],[-58,7],[-37,-21],[-49,-11],[-23,-28],[-86,-19],[-98,-87],[-76,-37],[-46,-29],[-55,-21],[-52,-36],[-29,-7],[-50,3],[-63,-11],[-49,-54],[-4,-26],[-93,-4],[-30,-12],[-90,-85],[-37,-17],[-29,-25],[-48,-21],[-57,-7],[-69,-27],[-19,-35],[-34,-38],[13,-51],[-47,-20],[-14,-23],[-38,-23],[-62,-48],[-17,-22],[-85,-38],[-55,-10],[-90,-69],[-5,-11],[-85,-84],[-28,-23],[-17,-56],[-23,-33],[4,-45],[14,-13],[-26,-53],[-30,-29],[-20,-66],[1,-33],[-57,-40],[-16,-32],[-70,-97],[11,-9],[-25,-74],[-97,-116],[-79,-75],[-34,-15],[-45,3],[-61,-14],[-28,-23],[-28,-40],[-11,-50],[22,-18],[17,-54],[-49,-35],[-19,-30],[68,-12],[-14,-71],[19,-27],[-29,-39],[19,-24],[-18,-80],[-27,-15],[-58,46],[19,16],[-16,41],[-36,19],[-84,-6],[-31,-51],[4,-25],[-32,-1],[-20,-15],[-33,-1],[-26,26],[-35,-15],[-64,-56],[-42,-113],[-26,-51],[-2,-37],[20,-32],[50,1],[7,-42],[-4,-30],[-50,13],[-8,33],[-36,8],[-55,-25],[-29,-33],[-15,-86],[3,-66],[-4,-79],[16,-17],[47,1],[17,-20],[-24,-30],[13,-25],[-8,-41],[-23,-22],[-14,37],[-42,7],[-90,-85],[-17,-35],[-42,-47],[119,-26],[65,34],[57,-1],[32,10],[36,51],[18,3],[27,51],[21,-4],[38,26],[21,-35],[-4,-32],[56,1],[16,40],[-9,30],[11,19],[-1,72],[40,-30],[15,-71],[-27,-52],[6,-53],[-9,-50],[-16,-32],[-26,-5],[-50,-41],[-8,-15],[8,-83],[23,-28],[8,-59],[28,-14],[14,-55],[-11,-65],[19,-20],[17,-49],[-39,-16],[-8,-22],[-59,-7],[1,-39],[-42,9],[-5,48],[13,30],[-30,5],[-16,44],[2,30],[-47,33],[-113,51],[-27,-3],[17,61],[-31,53],[-74,38],[-61,20],[-70,13],[-68,-4],[-57,-21],[-12,-27],[2,-36],[-16,-59],[-56,-19],[23,-28],[-10,-65],[-72,26],[-38,-17],[-50,10],[10,91],[-22,44],[-23,3],[-1,38],[-128,139],[3,12],[-128,123],[-25,34],[7,18],[-49,65],[-83,73],[-78,55],[-72,38],[-60,18],[-24,0],[-39,-24],[-18,19],[18,38],[43,8],[5,48],[-18,61],[-45,58],[-62,34],[-53,84],[-59,49],[-59,24],[-37,-6],[-28,-28],[-70,1],[-37,-20],[-29,-32],[-7,-55],[-36,5],[-45,21],[35,18],[3,58],[19,36],[-10,47],[33,24],[6,52],[34,38],[33,70],[29,10],[13,22],[12,58],[36,-1],[16,-62],[-11,-19],[10,-95],[26,-18],[86,-27],[83,4],[44,-27],[2,-26],[-37,-59],[14,-37],[61,-35],[50,-10],[18,-41],[-16,-40],[25,-48],[75,-10],[18,-11],[-14,-30],[-49,23],[-4,-26],[19,-18],[50,22],[29,-3],[89,23],[8,40],[66,-3],[40,12],[19,-20],[27,2],[10,24],[-21,47],[-30,-13],[-71,23],[-15,13],[-38,-22],[1,-41],[-35,16],[30,97],[-3,65],[7,31],[-53,22],[-11,-29],[-25,5],[13,49],[-30,9],[-17,-17],[7,-41],[32,-71],[-4,-35],[10,-39],[-61,-19],[26,80],[-11,59],[-22,49],[-21,14],[3,40],[26,15],[15,30],[-10,89],[-11,33],[3,37],[-28,31],[-19,-2],[-24,30],[11,26],[4,83],[-22,45],[9,68],[-9,76],[-18,62],[6,23],[-18,79],[-71,173],[-29,52],[-27,26],[-51,16],[-27,18],[-17,28],[-31,17],[52,57],[41,20],[-10,18],[-5,84],[20,41],[-30,108],[4,56],[-29,46],[-16,54],[-59,88],[-70,81],[-26,47],[8,27],[-25,58],[-30,15],[-17,-15],[-29,57],[-41,31],[-14,34],[-84,76],[-30,16],[-35,58],[-59,73],[-44,44],[-101,77],[-118,75],[-44,42],[-92,64],[11,35],[-40,23],[-22,-25],[-39,33],[-11,115],[15,26],[18,67],[23,37],[-7,125],[-42,217],[-41,142],[-62,155],[-16,2],[-86,58],[-12,34],[-39,59],[-67,36],[-38,0],[-21,38],[-60,50],[68,10],[15,16],[51,-20],[12,20],[-15,32],[2,46],[-44,71],[-36,5],[-45,29],[-81,-3],[-39,24],[-41,37],[-30,3],[-26,-34],[-49,-28],[39,-58],[5,-23],[73,-24],[21,24],[23,-17],[17,-52],[32,-30],[-22,-31],[-6,-29],[-58,77],[-29,19],[-58,55],[-64,7],[-15,26],[-52,24],[-34,32],[-139,49],[-85,-13],[-20,-30],[-29,-12],[-26,-28],[-39,-7],[-22,141],[-50,42],[-20,48],[-23,20],[-38,2],[-31,47],[-6,43],[21,14],[-10,30],[-24,12],[-35,-13],[19,-31],[-43,-20],[2,-67],[42,-50],[-3,-20],[41,-31],[42,18],[35,-59],[59,-19],[19,-27],[-30,-37],[-4,-34],[11,-53],[-51,-25],[-27,15],[0,21],[-34,16],[-37,39],[-43,15],[-27,30],[17,41],[-19,127],[-16,2],[-38,124],[-35,34],[-57,14],[-41,-19],[2,-20],[-36,-7],[-55,64],[4,37],[46,19],[56,-18],[26,26],[12,54],[-9,71],[-29,58],[-27,33],[-43,22],[-45,-11],[-8,-20],[-31,4],[4,24],[-24,33],[-31,6],[-37,-40],[-31,10],[-18,29],[20,50],[-6,38],[54,20],[80,55],[16,71],[-9,43],[-36,95],[-29,47],[-42,53],[-44,30],[-32,51],[45,30],[29,1],[42,-27],[93,4],[48,-50],[84,-36],[-24,-61],[19,-73],[37,1],[47,41],[1,54],[19,9],[3,29],[41,32],[17,25],[20,57],[37,29],[8,27],[-17,16],[19,32],[7,36],[-28,24],[-8,37],[-4,93],[-29,102],[-39,68],[-68,75],[-97,123],[-49,39],[-67,33],[-43,11],[-36,-10],[-43,0],[-19,-36],[-53,25],[-38,5],[-85,-46],[-38,-41],[11,-34],[-12,-11],[-38,7],[-28,16],[-47,10],[-59,-6],[-33,-39],[0,-24],[-34,-31],[-6,-39],[-34,24],[-25,-12],[-26,24],[0,33],[-23,28],[37,72],[-29,61],[30,74],[12,47],[-3,56],[54,9],[-3,-72],[16,-17],[36,11],[26,-10],[44,22],[25,27],[13,58],[-11,26],[-32,2],[-9,58],[-19,16],[-53,111],[-52,39],[-11,42],[-21,33],[-70,71],[-32,9],[-1,40],[-28,18],[-18,-6],[-24,-55],[-36,-4],[-22,-27],[-26,19],[3,22],[-22,48],[17,22],[-6,42],[-16,20],[-94,25],[-67,-12],[-12,18],[10,65],[16,42],[-46,39],[-10,23],[3,80],[-28,5],[-41,28],[-22,-11],[-22,27],[-62,18],[-46,-33],[-21,-75],[26,-59],[-41,-39],[-28,-12],[-6,-30],[-44,10],[-34,43],[8,25],[-18,26],[-20,-9],[18,-30],[-32,-22],[-24,26],[19,49],[-43,7],[5,36],[-27,39],[-36,-6],[-28,-48],[-42,-31],[-30,6],[-23,-23],[-29,-6],[-12,-31],[17,-59],[63,-10],[8,-19],[58,26],[49,-21],[15,-44],[-81,40],[-51,-18],[1,-30],[-43,-10],[-58,13],[-67,27],[-55,13],[-103,-2],[-37,-7],[-7,-33],[-43,-34],[-27,7],[-37,36],[-52,19],[-78,39],[-50,4],[-29,-13],[-8,-34],[6,-29],[-31,-1],[-12,18],[29,32],[-10,26],[-53,66],[-37,37],[-110,89],[-54,19],[-62,42],[-61,-42],[-11,20],[8,27],[-18,27],[-66,53],[-31,0],[-42,41],[-35,13],[-136,122],[-64,43],[-106,57],[-83,30],[-74,-20],[-70,15],[-9,-13],[-40,-5],[-35,22],[-54,23],[-86,21],[-102,4],[-55,-6],[-88,-19],[-43,-14],[-56,-42],[-21,-29],[-22,-66],[10,-39],[46,-9],[31,-36],[-13,-17],[-33,13],[-82,70],[-57,-2],[-39,-28],[-70,-5],[-25,-8],[-19,-42],[-141,15],[-17,-25],[-152,24],[-21,-9],[-41,26],[-18,0],[-23,37],[-37,7],[-17,30],[-35,36],[-33,73],[-33,40],[-58,43],[-18,26],[-102,71],[-75,47],[-100,89],[-65,45],[-60,49],[-131,82],[-10,21],[-121,99],[-294,184],[-52,27],[-226,130],[-221,115],[-61,26],[-80,44],[-50,17],[-64,37],[-60,23],[-82,45],[-61,27],[-120,59],[-32,9],[-110,50],[-94,24],[-47,-2],[-36,-33],[-81,-44],[-40,-43],[-20,-46],[-76,-47],[-170,-66],[-44,-20],[-91,-28],[-138,-61],[-135,-27],[-139,3],[-67,10],[-85,6],[-180,35],[-78,8],[-68,-5],[-36,-14],[-90,-2],[-146,27],[-55,-3],[-152,3],[-172,29],[-68,0],[-62,-18],[-158,10],[-59,-10],[-33,-19],[-199,-4],[-47,6],[-78,-7],[-44,-8],[-79,7],[-84,-10],[-45,-11],[-48,-24],[-82,-13],[-155,1],[-115,-18],[-51,1],[-52,-8],[-58,3],[-103,-2],[-39,-6],[-177,-12],[-71,-16],[-88,-11],[-74,-15],[-104,-11],[-50,2],[-79,-17],[-106,-10],[-14,-7],[-107,-7],[-14,-5],[-111,-8],[-135,-27],[-122,-8],[-99,-13],[-117,-34]],[[61472,22997],[67,4],[103,-31],[45,-31],[31,-5],[45,-38],[10,-21],[-4,-50],[13,-31],[40,-36],[38,-16],[52,-2],[-14,-30],[10,-42],[27,-27],[-21,-13],[-37,-1],[-50,-41],[-38,-42],[-24,-11],[-19,-38],[-41,-30],[-45,4],[-85,48],[-26,0],[-12,21],[-85,41],[-68,15],[-67,-31],[-36,21],[-48,16],[-110,18],[-28,-5],[-58,6],[-64,-4],[-41,-70],[-60,0],[-95,-21],[-44,-21],[-57,-40],[-36,-41],[-21,-53],[2,-41],[24,-52],[21,-17],[-3,-42],[-20,-20],[-14,-37],[-51,-27],[-46,-13],[-27,3],[-37,-13],[-50,-42],[-31,-44],[-46,-3],[-18,-26],[-36,-19],[-98,79],[-98,88],[-31,48],[-87,15],[-30,-8],[-76,16],[-36,-7],[-54,33],[-47,-2],[-18,15],[-76,7],[-36,-19],[-18,-84],[-75,-31],[-36,-37],[-20,19],[-50,26],[-26,-20],[-60,14],[-47,-19],[-44,-1],[-15,12],[-68,14],[-60,-9],[-19,-16],[-53,0],[-70,-49],[-50,36],[-85,40],[-69,-7],[-17,-34],[-22,-14],[-37,12],[-45,2],[-18,-35],[-53,-8],[-65,4],[-49,-51],[-25,13],[24,26],[3,34],[-46,95],[-58,84],[-32,31],[-56,14],[-12,17],[-51,-19],[-58,35],[0,50],[-93,103],[-23,61],[26,53],[50,24],[-9,60],[18,21],[-5,32],[32,44],[-12,85],[33,49],[73,10],[29,-11],[61,15],[41,-2],[65,15],[37,23],[14,26],[82,-4],[68,36],[12,33],[42,1],[143,17],[40,19],[40,-4],[141,41],[57,-3],[66,11],[29,-5],[102,20],[40,-4],[69,30],[61,17],[10,27],[41,39],[50,-10],[55,34],[48,-10],[16,23],[29,-3],[28,31],[57,13],[24,-3],[45,16],[42,25],[24,29],[58,-1],[39,-21],[50,4],[29,-14],[57,8],[63,-18],[44,-6],[37,22],[72,21],[40,-41],[36,2],[51,23],[39,41],[56,12],[57,-6],[35,26],[28,-18],[-10,-25],[-1,-47],[-54,5],[-48,-32],[-46,-49],[0,-41],[33,-28],[30,0],[52,18],[39,-17],[22,5],[4,-43],[-53,-29],[-39,-40],[-5,-40],[-62,-61],[0,-36],[19,-19],[41,-10],[59,13],[102,-23],[93,1],[42,14],[23,-4],[89,37],[28,-3],[57,-99],[-32,-21],[-77,-73],[-36,-44],[12,-83],[17,-8],[30,23],[65,-14],[45,25],[-3,25],[-33,18],[-82,-1],[-6,36],[40,13],[2,27],[52,-33],[53,-13],[73,16],[72,85],[26,21],[4,88],[33,33],[50,-9],[33,10],[12,-14]],[[52887,28690],[18,34],[-10,31],[27,9],[8,62],[1,63],[36,0],[32,25],[39,5],[38,17],[24,-101],[-27,-21],[-22,6],[-44,-62],[-118,-100],[-2,32]],[[50819,32971],[-3,-33],[-20,-20],[-48,4],[-22,-36],[-20,5],[-44,54],[-8,60],[23,14],[-1,28],[44,-7],[23,32],[13,-38],[35,25],[64,59],[15,-4],[-48,-65],[22,-32],[-25,-46]],[[57050,25099],[-87,67],[1,15],[-66,9],[13,31],[-16,31],[65,33],[17,-33],[33,-20],[3,-29],[37,-63],[43,-30],[32,-34],[24,-5],[21,-25],[-12,-22],[7,-60],[-33,-42],[-27,0],[-33,41],[-6,57],[17,13],[-4,37],[-29,29]],[[39501,83576],[-1,-546],[-1,-570],[-1,-494],[0,-720],[0,-518],[0,-769],[0,-447],[0,-536],[0,-566],[0,-377],[0,-563],[0,-536],[0,-989],[0,-2139],[0,-742],[0,-542],[0,-406],[0,-571],[0,-570],[0,-373],[0,-4812],[0,-678],[0,-1845],[0,-1105],[0,-2250],[0,-1219],[0,-1109],[0,-917],[0,-4429],[0,-981],[3,0]],[[39502,34723],[-95,-21],[-37,-20],[-128,-46],[-62,-34],[-47,-32],[-62,-25],[-16,-15],[-41,-13],[-34,-32],[-42,-18],[-44,-36],[-37,-16],[-47,-32],[-34,-14],[-60,-49],[-51,-24],[-9,-20],[-38,-30],[-112,-35],[-16,-25],[-45,-6],[-70,-23],[-33,-30],[-83,-45],[-3,-13],[-70,-20],[-49,-24],[-26,-22],[-61,-10],[-24,-16],[-71,-29],[-116,-57],[-27,-18],[-30,-2],[-52,-31],[-66,-18],[-15,-14],[-48,-8],[-37,-20],[-48,-12],[-40,-20],[-76,-24],[-18,-13],[-95,-33],[-30,-20],[-36,-8],[-47,-25],[-27,-3],[-81,-32],[-26,-3],[-77,-25],[-69,-10],[-92,-32],[-59,-4],[-71,-14],[-19,-9],[-108,-27],[-22,2],[-105,-29],[-100,-23],[-34,-19],[-128,-38],[-49,-33],[-85,-22],[-90,-45],[-73,-68],[-91,-7],[-71,-17],[-99,-33],[-38,-4],[-129,-39],[-46,-24],[-66,-9],[-14,-9],[-136,-20],[-22,-14],[-39,-5],[-108,1],[-12,-5],[-113,-6],[-28,-6],[-122,-6],[-37,-12],[-116,-10],[-121,-20],[-130,-1],[-79,5],[-33,-4],[-113,17],[-71,0],[-51,-25],[-52,-15],[-57,1],[-85,-7],[-187,22],[-100,3],[-243,33],[-139,24],[-27,13],[-76,20],[-35,19],[-166,34],[-88,26],[-29,17],[-63,10],[-82,-8],[-39,-16],[-72,-46],[-26,-24],[-98,-35],[-91,23],[-31,-17],[-113,-21],[-68,-25],[-128,-77],[-74,-60],[-27,-6],[-113,-67],[-26,-12],[-121,-98],[-22,-8],[-52,-43],[-24,-11],[-28,-33],[-52,-32],[-89,-91],[-69,-43],[-75,-64],[-68,-69],[-48,-21],[-13,-17],[-123,-36],[-22,-25],[-54,-18],[-29,-19],[-49,-14],[-74,-4],[-51,-9],[-91,-37],[-39,-9],[-53,-23],[-37,-26],[-65,-33],[-31,-8],[-77,-55],[-79,-42],[-29,-24],[-34,-15],[-68,-45],[-50,-41],[-35,-14],[-48,-4],[-105,-21],[-24,-22],[-26,-52],[-47,-35],[-70,-26],[-74,-55],[-51,-61],[-17,-39],[-57,-43],[-81,-33],[-58,-45],[-102,-41],[-31,-23],[-43,-19],[-88,-15],[-66,-17],[-46,-2],[-125,-25],[-198,-22],[-191,-26],[-158,-40],[-97,-31],[-120,-61],[-101,-64],[-71,-49],[-92,-96],[-70,-79],[-77,-102],[-36,-58],[-55,-120],[-30,-97],[-18,-94],[-29,-85],[-42,-103],[-47,-95],[-42,-108],[-29,-109],[-14,-28],[-30,-162],[-1,-55],[-15,-149],[-10,-26],[-34,-33],[-38,-19],[-27,-1],[-17,-30],[-89,-12],[-49,-29],[-11,-21],[10,-74],[-47,-18],[-105,-72],[-34,-32],[-54,-65],[-43,-72],[-15,-61],[-10,-89],[21,-54],[-28,-43],[-65,-13],[-36,-20],[-27,-37],[-26,-7],[-62,-36],[-56,-95],[-35,10],[-32,-20],[-39,5],[-41,-19],[-13,-36],[-18,-7],[-11,-59],[-24,-35],[-47,-20],[-38,-2],[-12,27],[3,29],[-53,36],[-76,28],[-107,21],[-60,0],[-73,-15],[-32,-41],[-36,-16],[-10,-47],[-45,-51],[-38,-63],[-42,-5],[-49,-58],[-69,20],[-29,-27],[-120,-53],[11,54],[-2,34],[-29,29],[11,35],[-16,39],[11,14],[-53,84],[-1,19],[-31,37],[-57,46],[-92,50],[-80,23],[-41,-3],[-29,-38],[3,-31],[-99,-21],[-55,9],[-92,-10],[-65,-33],[-30,3],[-69,-15],[-21,-15],[-44,59],[-48,23],[-63,11],[-32,-10],[-29,-43],[-19,12],[-65,5],[-131,4],[-17,-16],[-51,8],[-67,-26],[-49,-55],[25,-71],[-33,-24],[-32,18],[-16,27],[-40,6],[-34,-15],[-15,-30],[-21,-10],[-15,38],[-68,24],[-84,38],[-111,21],[-59,1],[-40,-9],[-43,-35],[-52,-13],[-43,-33],[-37,-19],[-48,-56],[11,-47],[19,-16],[-76,-43],[-6,21],[-44,28],[-12,-21],[-68,-35],[-62,-12],[-25,24],[-13,-31],[-29,-1],[-18,22],[-57,-31],[-9,72],[22,36],[-12,44],[-34,74],[-36,106],[-70,96],[-27,21],[-38,51],[-55,39],[-49,10],[-47,-24],[-32,9],[-56,-2],[-45,-12],[-30,-26],[-22,-47],[24,-42],[-40,-14],[-31,17],[-30,-30],[-66,0],[-34,-28],[-49,-10],[-19,-26],[-20,3],[-27,32],[-80,55],[-102,46],[-56,-1],[-39,-62],[-38,-10],[-34,41],[-116,83],[-82,44],[-51,11],[-11,-21],[-55,-19],[-52,33],[-45,16],[-14,-9],[-51,16],[-25,-21],[-72,25],[-93,10],[-26,-11],[-6,-25],[-74,20],[-47,-12],[-6,-40],[-44,-8],[-24,-26],[-34,11],[-91,13],[-44,-5],[-17,-33],[-31,-31],[-54,3],[-22,18],[-64,24],[-76,6],[-49,-33],[-74,8],[-70,-11],[-13,-29],[-55,12],[-15,-6],[-100,19],[-56,-11],[-26,14],[-92,15],[-70,-29],[-1,-18],[-37,-16],[-43,-32],[-72,8],[-47,-9],[-117,-12],[-75,22],[-78,-1],[-24,-16],[-93,17],[-36,-6],[-61,-25],[-22,-21],[9,-61],[-65,-18],[-48,-25],[-18,-24],[-49,-25],[-28,-1],[-11,-29],[-48,9],[-41,-21],[-86,31],[-75,21],[-74,14],[-49,17],[-40,2],[-168,26],[-154,-13],[-46,-23],[-75,-21],[-14,21],[-51,16],[-40,24],[-25,1],[-54,22],[-81,-39],[-53,-2],[-18,-50],[-90,-63],[-48,20],[-185,-2],[-48,-29],[-65,-31],[-27,-37],[-30,-69],[-36,-31],[-40,-10],[-43,-58],[-54,-1],[-76,-56],[-28,3],[-45,-23],[-27,-23],[-14,-39],[-87,-72],[-41,-56],[-7,-41],[22,-11],[-82,-81],[-57,-82],[-40,-85],[-27,-92],[-57,24],[-25,-17],[40,-28],[41,14],[-11,-98],[7,-66],[14,-36],[25,-1],[27,-23],[27,-42],[72,15],[4,-38],[-57,0],[-26,-10],[-49,-48],[-35,-5],[-54,18],[29,35],[-2,25],[-22,27],[-73,-10],[0,20],[-27,16],[-69,-23],[-38,-38],[19,-18],[-34,-58],[-3,-23],[29,-34],[3,-34],[-13,-45],[-36,-20],[-3,-52],[-29,4],[-38,27],[26,33],[-11,27],[-38,22],[-90,2],[-61,-27],[-32,-35],[18,-27],[-10,-28],[20,-22],[4,-47],[-18,-18],[-48,-9],[-15,-41],[-32,-5],[-40,11],[41,43],[-30,37],[-64,34],[-50,17],[-26,-28],[-54,6],[-7,28],[-27,18],[-160,54],[-27,-13],[-61,19],[-120,17],[-63,-1],[-60,-11],[-64,-28],[-16,-41],[17,-31],[-15,-35],[-44,4],[-93,-5],[-99,-30],[-13,-24],[-30,-10],[-66,-45],[-31,-37],[-24,-64],[14,-58],[25,-25],[54,-17],[-21,-27],[-35,-9],[-26,-51],[-70,-54],[-35,6],[-46,-28],[-51,-15],[-28,-29],[-12,-33],[-61,12],[-33,-10],[-15,-22],[-113,-21],[-14,-13],[-73,-23],[-17,-22],[-34,-5],[-56,-27],[-57,-40],[-70,-81],[-43,-86],[-28,-106],[3,-95],[64,-16],[7,-44],[-86,-31],[-30,15],[-53,-5],[-45,8],[-20,15],[-31,-19],[-45,-2],[0,-24],[-58,0],[-41,10],[-13,-22],[-42,4],[-40,-20],[-32,-38],[5,-18],[-74,8],[-22,-34],[0,-42],[30,-25],[32,5],[36,-21],[3,-25],[-27,-37],[13,-28],[-31,-42],[-15,26],[-26,4],[-20,51],[-43,16],[-120,13],[-52,-13],[-46,-25],[-29,-46],[-99,-6],[-24,19],[-95,-8],[-32,33],[6,15],[52,4],[19,14],[0,37],[-16,47],[13,25],[-73,27],[-10,-37],[3,-69],[-13,-31],[19,-22],[-43,-19],[-31,-35],[12,-32],[-10,-23],[-36,-7],[-53,27],[-61,5],[-15,-11],[-10,-40],[14,-33],[62,-27],[22,-35],[52,-20],[63,21],[11,-33],[47,-20],[51,-3],[57,26],[9,-33],[-74,0],[-22,-15],[7,-24],[-40,-29],[-39,13],[-40,-7],[-32,18],[-39,-17],[-25,32],[-39,-2],[-37,42],[-48,33],[-143,73],[-54,21],[-107,17],[-27,-15],[-17,19],[-36,-1],[-73,-47],[-6,-13],[20,-50],[-35,-18],[0,-35],[-22,-34],[16,-36],[-51,-23],[-17,12],[-1,35],[-77,61],[-37,23],[-88,39],[-25,-2],[-53,-44],[-22,10],[-8,33],[-102,60],[-38,28],[-152,74],[-56,-8],[2,23],[63,34],[75,9],[5,-23],[77,-42],[29,-1],[35,15],[5,34],[27,-4],[28,29],[-26,69],[-34,17],[-29,-13],[-15,-25],[-39,-13],[-41,32],[-44,13],[-44,-1],[-27,-61],[-23,10],[-31,-25],[2,-28],[-26,-30],[12,-43],[14,-12],[-32,-27],[-26,20],[-70,34],[-50,13],[-42,-24],[-60,27],[-43,8],[-55,-6],[-51,-31],[-1,-43],[-37,-34],[-56,33],[-32,11],[-25,23],[-46,9],[-34,-22],[-29,21],[-55,15],[-54,-14],[-66,23],[-46,9],[-53,-20],[-28,-31],[-22,-79],[-45,23],[-37,2],[-15,21],[-64,-8],[-36,30],[-32,-7],[-43,45],[-55,26],[-37,9],[-47,-2],[-42,-26],[13,-21],[-31,-23],[-61,32],[-17,-16],[-31,0],[-26,-23],[-47,-25],[-26,6],[-52,-28],[6,36],[-58,44],[-35,-7],[-52,25],[-9,19],[-83,40],[-78,-13],[-7,-19],[-35,-3],[-13,37],[-37,34],[-88,68],[-66,42],[-54,28],[-7,20],[-48,31],[-18,-1],[-70,50],[-37,17],[-82,57],[-110,47],[-76,16],[-74,34],[-79,20],[-68,-4],[-25,-10],[-94,23],[-48,1],[-27,11],[-63,-11],[-13,28],[19,38],[-10,31],[-34,59],[-48,63],[-17,13],[7,45],[-22,52],[-211,236],[-167,175],[-160,157],[-62,52],[-97,95],[-120,97],[-74,55],[-79,42],[-30,-26],[-9,25],[-56,54],[-43,23],[-41,12],[-41,29],[-40,40],[-87,55],[-118,57],[-65,20],[-69,13],[-129,13],[-109,-9],[-62,-17],[-36,-18],[-25,2],[-8,57],[57,34],[-3,41],[-46,-9],[-25,-50],[6,-46],[25,-42],[-7,-74],[-28,-51],[-46,-1],[-30,44],[-11,32],[-22,28],[-50,37],[-22,44],[-80,90],[-40,16],[0,32],[-20,5],[17,56],[-20,43],[26,24],[10,39],[-23,105],[-26,76],[-67,109],[30,58],[-17,38],[9,70],[0,83],[-29,71],[2,33],[-25,54],[30,24],[1,59],[-13,30],[-10,122],[-11,30],[25,29],[13,34],[1,54],[14,105],[-28,91],[10,27],[-10,46],[-34,101],[38,19],[22,76],[19,30],[18,-2],[34,76],[-7,46],[-28,103],[-20,61],[13,16],[-17,76],[54,-12],[25,-29],[48,0],[19,-35],[62,-35],[-3,-14],[34,-31],[20,-81],[33,-35],[210,-80],[46,-9],[90,-7],[111,9],[99,34],[45,9],[47,19],[63,40],[72,69],[30,45],[81,97],[145,192],[69,78],[45,88],[28,73],[47,165],[33,91],[8,-26],[34,-2],[41,36],[23,64],[9,200],[0,114],[14,164],[-21,221],[-27,194],[-26,123],[-15,117],[-47,168],[-12,128],[-17,83],[-20,172],[-16,62],[3,51],[16,40],[4,34],[39,132],[41,49],[16,2],[39,50],[37,57],[22,48],[30,11],[24,-51],[-8,-51],[-18,-20],[-40,-20],[-40,-8],[-20,-39],[13,-24],[-42,-19],[-30,-36],[2,-48],[14,-15],[-4,-37],[24,-39],[1,-42],[36,-76],[-6,-37],[8,-39],[45,-76],[4,-39],[25,-21],[50,-23],[10,81],[-11,24],[-29,19],[6,36],[-27,45],[-12,63],[-31,36],[7,30],[-7,42],[-43,55],[8,59],[30,-36],[31,-22],[20,-27],[63,25],[38,-34],[40,11],[32,22],[-16,21],[15,39],[7,59],[-35,13],[-9,66],[-27,12],[-60,-15],[-10,41],[8,42],[-26,53],[40,14],[28,51],[17,68],[9,107],[-10,87],[-39,68],[-41,46],[52,15],[20,43],[2,36],[-9,47],[-22,31],[-42,16],[-29,-2],[2,51],[-10,30],[67,4],[36,29],[38,47],[9,40],[-10,37],[32,46],[14,41],[2,32],[-12,45],[-17,10],[7,33],[-4,39],[-21,28],[14,69],[-29,69],[-6,62],[-24,17],[36,36],[18,4],[15,44],[29,-8],[21,49],[71,-34],[23,-2],[10,51],[38,12],[17,-33],[9,-63],[34,12],[-30,32],[-9,47],[5,24],[-17,48],[10,27],[30,-13],[35,24],[-58,22],[-31,-14],[-49,-39],[-3,-29],[-26,-40],[-45,-12],[-23,46],[-23,-2],[-4,-58],[24,-20],[-19,-25],[-45,-2],[8,-38],[-43,-4],[23,45],[-1,81],[10,64],[3,212],[-10,77],[1,79],[-8,40],[-51,82],[11,33],[0,55],[-35,136],[-21,32],[-9,41],[-36,82],[-13,65],[-53,89],[-3,24],[-24,35],[-40,99],[-34,62],[-36,44],[-12,37],[-59,69],[-9,54],[-29,35],[-11,49],[-22,61],[-90,162],[-25,25],[-109,181],[-46,70],[-39,115],[-2,21],[-61,143],[-9,61],[-36,122],[-20,16],[-5,29],[-45,98],[-32,84],[-19,29],[-15,86],[-29,73],[-48,76],[-43,87],[-20,19],[2,25],[-45,88],[-23,17],[-8,30],[-47,73],[-44,27],[-28,-6],[3,63],[-7,55],[-57,146],[-27,48],[-4,35],[-51,154],[-26,47],[-16,48],[-29,49],[2,33],[-39,38],[19,77],[-14,37],[-34,33],[-1,23],[-47,46],[32,38],[5,38],[-21,59],[-1,26],[-30,78],[3,77],[-10,97],[-13,71],[-53,59],[45,50],[10,51],[-14,85],[-30,53],[-54,21],[-10,12],[-10,107],[28,80],[-11,80],[-44,155],[-16,16],[-35,5],[5,49],[-14,15],[1,49],[9,51],[14,25],[-12,33],[-4,60],[26,48],[11,37],[11,72],[-7,66],[-4,102],[8,51],[-40,107],[-3,74],[-11,42],[-2,73],[4,76],[-4,88],[3,50],[14,51],[4,68],[17,56],[10,74],[-2,77],[24,72],[27,62],[-4,68],[-57,157],[-13,55],[-22,35],[0,109],[-30,91],[-48,62],[-14,74],[-17,29],[20,30],[-9,51],[-43,109],[-32,122],[-1,34],[-34,86],[-5,35],[-40,67],[-57,79],[-49,57],[-26,21],[-44,60],[-76,78],[-71,81],[-91,92],[-61,84],[-45,51],[-28,44],[5,29],[-26,51],[11,38],[-22,70],[-21,35],[-36,10],[-49,36],[72,12],[22,34],[13,102],[-20,88],[-14,29],[16,64],[-18,49],[-8,67],[-16,42],[-49,94],[-30,69],[-18,62],[-17,19],[-67,126],[-76,108],[-96,105],[-42,41],[-16,56],[-49,73],[2,27],[-21,37],[-61,73],[-1,15],[-48,45],[-52,77],[-33,79],[-31,22],[-73,33],[-60,53],[-37,19],[-26,57],[-73,109],[-23,30],[-32,19],[-17,57],[-32,193],[-39,203],[-26,115],[-25,90],[-37,107],[32,165],[20,69],[48,97],[16,8],[22,91],[-26,157],[-28,115],[-26,66],[-4,26],[-30,95],[-11,70],[-18,59],[-43,113],[-50,113],[-42,111],[-27,54],[-49,123],[-64,127],[-69,148],[-52,104],[-19,30],[-44,91],[-135,261],[-67,120],[-43,116],[-50,79],[-28,60],[-66,98],[-52,91],[-69,96],[-28,53],[-42,51],[-35,62],[-43,57],[-14,39],[-143,209],[-198,241],[-59,54],[-11,19],[-73,70],[-44,53],[-39,34],[-74,83],[-75,74],[-54,63],[-16,29],[-65,72],[21,5],[9,29],[-24,43],[-15,44],[18,44],[-26,52],[-29,88],[-33,64],[-81,129],[-63,67],[-17,26],[-50,46],[-24,51],[-29,31],[19,22],[20,-25],[52,-34],[9,-28],[65,-13],[15,-11],[60,-15],[18,-13],[8,-47],[7,-90],[31,37],[-11,32],[6,61],[-12,27],[22,34],[14,60],[9,122],[-9,20],[9,53],[-17,21],[4,67],[10,30],[-14,14],[32,56],[14,-9],[1,-44],[18,-83],[-11,-40],[19,-27],[-3,-27],[14,-49],[8,-182],[-3,-53],[11,-31],[-16,-20],[15,-37],[-16,-32],[11,-46],[-2,-32],[22,-76],[-8,-17],[14,-39],[-23,-22],[17,-30],[-11,-23],[30,-30],[18,7],[18,40],[21,-21],[8,-45],[-11,-10],[-9,-47],[26,-22],[-6,-30],[14,-26],[23,5],[6,37],[-1,76],[-29,7],[1,24],[-31,61],[-9,79],[-24,20],[23,52],[10,95],[20,17],[-5,78],[45,29],[-10,137],[9,32],[2,48],[9,51],[-29,29],[4,61],[-41,42],[18,24],[-7,44],[-18,21],[1,34],[30,-12],[20,-47],[4,-32],[21,-42],[-9,-29],[3,-45],[35,-39],[-8,-24],[34,-39],[19,2],[20,-41],[-11,-45],[18,-26],[37,-4],[10,-134],[28,-27],[6,-92],[44,-51],[3,-76],[-4,-38],[9,-34],[38,-44],[-4,-28],[-21,-20],[4,-22],[37,-3],[7,-54],[-50,8],[-7,-41],[26,-27],[15,-35],[-6,-32],[-36,-25],[9,-18],[-22,-31],[1,-48],[-9,-23],[23,-31],[34,23],[12,33],[-10,39],[21,33],[-9,24],[8,89],[19,10],[5,53],[17,11],[8,55],[-19,17],[-18,41],[9,41],[-41,36],[34,27],[11,51],[42,1],[19,-21],[5,-39],[-15,-28],[3,-30],[21,-28],[15,-51],[-15,-84],[31,-64],[4,-103],[-6,-69],[-20,-21],[28,-74],[31,-9],[1,-24],[-30,-72],[-13,-57],[-1,-65],[25,-17],[38,-51],[55,-29],[-46,60],[7,20],[-5,52],[25,47],[-11,52],[2,40],[30,-9],[27,9],[-6,-61],[20,-2],[3,35],[-19,96],[21,52],[26,-2],[-11,-32],[13,-57],[-9,-81],[-14,-27],[14,-37],[-21,-53],[16,-16],[8,-54],[-1,-53],[32,-4],[24,10],[3,-46],[17,-51],[-15,-10],[-2,-58],[12,-19],[31,20],[7,26],[62,-10],[-38,43],[-6,39],[17,10],[6,33],[40,35],[25,-4],[35,-27],[40,27],[25,57],[42,-11],[17,-36],[50,-17],[16,30],[-7,68],[53,76],[18,-1],[57,43],[44,74],[9,25],[9,77],[-16,163],[-29,53],[10,41],[27,47],[-12,50],[7,39],[-46,89],[-55,52],[-14,34],[-85,75],[-44,27],[-75,36],[-53,10],[-85,23],[-35,68],[11,36],[-13,22],[-47,38],[-9,39],[-42,45],[-7,42],[-51,37],[-13,33],[-75,7],[-23,27],[21,35],[-20,35],[-17,68],[19,56],[-1,30],[-34,30],[1,28],[-13,69],[8,56],[-33,37],[-69,41],[16,52],[3,54],[-20,24],[-15,46],[5,20],[-47,54],[-39,21],[-37,43],[5,34],[22,9],[12,39],[-15,47],[16,9],[-20,34],[-11,48],[17,25],[-14,33],[13,14],[-36,24],[-31,-12],[2,-47],[34,-51],[-14,-74],[-43,37],[-14,43],[-42,40],[13,36],[-11,16],[7,77],[34,159],[42,43],[13,46],[30,57],[15,50],[33,21],[31,70],[2,36],[28,33],[14,-39],[6,-63],[-10,-51],[25,-151],[31,-52],[47,-27],[34,-9],[35,29],[10,-29],[-5,-32],[9,-26],[-3,-35],[20,-85],[39,-69],[51,-45],[48,-20],[24,-26],[23,-52],[43,-47],[32,-17],[45,3],[6,-77],[-12,-60],[12,-71],[13,-14],[52,-8],[27,-18],[-8,-77],[-26,-60],[-25,-17],[-15,-52],[9,-90],[-13,-19],[11,-78],[-35,-41],[-19,-7],[-31,-43],[12,-117],[-13,-18],[9,-103],[-5,-15],[16,-52],[28,-58],[22,-30],[-7,-71],[24,-10],[25,7],[35,41],[9,-62],[27,-6],[39,22],[6,18],[46,58],[36,65],[37,77],[11,37],[44,61],[8,39],[34,41],[15,80],[-3,42],[-14,23],[-16,98],[-16,48],[-2,51],[15,23],[44,-42],[39,2],[3,-26],[19,-44],[-20,-25],[-31,-100],[4,-38],[15,-12],[19,-43],[-11,-89],[7,-70],[30,-55],[44,6],[23,-34],[-32,-139],[5,-51],[16,-53],[38,-46],[-18,-77],[41,-76],[0,-81],[19,-75],[57,-65],[21,-16],[36,-47],[35,-31],[45,-50],[14,-42],[35,-38],[7,-57],[23,-6],[22,32],[34,22],[15,31],[36,38],[66,47],[24,58],[35,19],[32,5],[41,28],[17,24],[5,39],[-8,26],[22,21],[31,63],[1,84],[-14,27],[-36,25],[1,15],[-35,46],[4,61],[-33,59],[2,41],[-11,27],[7,35],[33,13],[37,70],[14,-74],[39,-2],[31,30],[2,31],[-20,52],[-26,26],[-6,39],[18,54],[-4,39],[-38,51],[1,25],[-37,43],[1,42],[-28,33],[-9,60],[8,20],[54,27],[14,-11],[-4,-33],[52,-25],[29,9],[4,19],[-28,80],[3,93],[40,79],[-3,37],[-74,23],[-15,40],[-35,13],[-25,49],[-60,62],[-13,35],[-29,15],[-11,25],[-57,64],[-33,44],[-13,47],[12,35],[-70,92],[-33,29],[-22,7],[-34,33],[-24,11],[-22,57],[-37,61],[-42,29],[-17,81],[-17,2],[-9,101],[-68,150],[-34,51],[9,26],[-19,64],[-29,36],[-10,28],[-48,58],[14,44],[-16,8],[-33,64],[10,24],[-10,81],[-21,43],[-30,34],[-23,43],[6,40],[-40,34],[2,34],[-27,140],[-37,59],[-16,42],[-35,54],[-30,7],[-48,53],[-73,26],[-37,35],[-66,84],[-27,75],[-31,51],[-20,59],[-11,140],[4,37],[17,47],[40,48],[-21,13],[-21,66],[-17,16],[-30,-28],[-8,21],[21,35],[-23,32],[35,21],[14,20],[35,16],[-10,22],[-79,-46],[-30,3],[-37,18],[-2,37],[20,27],[15,51],[6,59],[-1,72],[-8,36],[-29,70],[-54,75],[-46,76],[-25,26],[-66,104],[-51,62],[-71,123],[-44,53],[-46,34],[-24,28],[-12,32],[-30,39],[-11,46],[-37,35],[-5,36],[-2,93],[-11,82],[10,130],[9,47],[-10,56],[8,61],[-2,47],[-22,86],[-13,110],[44,9],[50,56],[34,66],[-7,146],[-45,95],[-7,28],[21,24],[0,73],[-14,32],[26,39],[38,2],[26,49],[30,138],[-15,128],[16,32],[-3,35],[27,41],[39,35],[38,68],[14,53],[8,70],[-3,32],[31,66],[54,24],[30,38],[28,76],[15,57],[15,18],[14,108],[35,32],[11,34],[-5,28],[21,21],[27,6],[26,27],[16,33],[61,30],[67,49],[46,70],[45,30],[40,39],[21,36],[4,57],[24,27],[11,41],[0,60],[6,29],[0,108],[-14,33],[6,50],[18,10],[9,144],[11,42],[-6,67],[-21,34],[3,19],[-27,124],[-8,15],[12,44],[-9,48],[-19,20],[4,57],[13,51],[-1,40],[-24,22],[66,36],[23,22],[39,52],[22,94],[19,57],[-4,77],[4,28],[-23,48],[15,51],[-8,64],[-10,36],[-3,49],[-38,61],[-19,94],[-1,39],[-15,43],[-25,49],[-15,75],[-40,84],[-36,52],[-77,67],[-37,-2],[-43,-20],[-15,21],[1,43],[38,90],[-12,56],[-19,29],[-14,42],[16,37],[-3,48],[-17,24],[-31,16],[15,69],[13,27],[43,26],[35,10],[48,74],[-21,46],[42,7],[31,67],[18,56],[15,105],[-4,21],[18,23],[21,47],[24,6],[16,46],[34,39],[62,137],[30,91],[-3,35],[10,61],[27,49],[28,139],[21,75],[37,79],[24,102],[14,34],[36,119],[21,36],[11,49],[19,20],[2,78],[20,22],[15,44],[41,40],[12,48],[25,27],[17,45],[14,16],[7,42],[58,48],[13,23],[35,12],[46,43],[37,14],[17,33],[74,37],[25,-11],[44,12],[57,48],[30,-20],[8,-28],[37,-34],[-28,-24],[-36,-66],[-39,-61],[1,-28],[-25,-130],[4,-64],[-40,-169],[-5,-44],[-16,-43],[-1,-42],[-17,-59],[-16,-24],[-21,-115],[-10,-16],[-23,-108],[11,-102],[18,-35],[53,-63],[6,-55],[42,-51],[-23,-57],[8,-48],[-1,-47],[-23,-3],[6,-35],[32,21],[54,55],[56,-7],[-8,-51],[20,-66],[-10,-29],[-46,-39],[-34,-68],[-34,-24],[-21,-42],[-1,-55],[13,-28],[-14,-36],[-1,-59],[54,-94],[12,-32],[28,-21],[53,5],[45,25],[45,50],[-6,33],[26,43],[-8,26],[44,9],[31,23],[20,31],[50,19],[19,-8],[46,5],[24,-23],[9,-58],[-9,-75],[33,3],[20,-25],[14,19],[29,-13],[57,39],[11,50],[16,19],[-26,33],[10,54],[18,13],[-8,51],[28,131],[22,29],[56,-12],[-56,62],[0,23],[32,71],[24,16],[35,-27],[24,32],[-48,11],[-18,41],[15,28],[40,27],[-23,30],[55,-5],[-32,37],[-6,25],[14,57],[60,5],[18,14],[-38,38],[17,8],[-34,40],[-28,14],[6,19],[58,14],[51,-26],[19,35],[-16,51],[16,33],[37,-4],[-13,40],[15,20],[-2,24],[17,33],[-15,11],[-16,39],[15,11],[30,-10],[37,24],[7,90],[27,6],[28,32],[-13,35],[47,2],[19,33],[36,14],[9,26],[-8,34],[6,49],[33,60],[29,28],[5,23],[-1,65],[7,63],[-3,47],[81,63],[24,-16],[31,56],[58,44],[52,-4],[25,12],[38,2],[56,39],[80,75],[43,14],[82,88],[38,19],[41,40],[17,30],[53,-2],[81,46],[133,-39],[46,21],[32,5],[63,61],[45,58],[26,19],[26,-29],[53,-2],[28,21],[41,55],[42,12],[42,42],[35,-19],[40,45],[25,2],[43,-14],[59,-7],[51,12],[34,20],[56,50],[32,9],[48,38],[66,-5],[17,25],[-7,30],[14,27],[60,-17],[22,26],[9,30],[18,8],[26,-18],[32,-54],[20,-7],[13,-15],[1,16],[-5,6],[-2,29],[20,53],[-21,21],[3,35],[33,23],[1,41],[30,50],[30,28],[52,6],[6,13],[-14,40],[72,86],[24,15],[58,84],[28,11],[3,23],[34,37],[30,9],[8,30],[63,3],[36,49],[-3,27],[26,25],[30,-2],[10,-21],[36,12],[32,26],[25,59],[12,-52],[45,52],[12,-38],[24,17],[-18,32],[37,15],[22,-19],[24,0],[20,67],[27,19],[-17,21],[1,31],[39,35],[14,54],[27,41],[31,98],[39,60],[27,29],[29,47],[49,12],[126,100],[65,26],[33,5],[73,35],[18,-2],[64,40],[17,-8],[97,40],[65,71],[15,-23],[22,1],[19,25],[-7,47],[13,33],[0,116],[29,19],[-28,16],[5,40],[18,30],[-2,43],[9,41],[52,-29],[30,-43],[32,1],[21,-18],[48,-13],[33,-21],[77,18],[16,11],[43,84],[34,-11],[105,39],[90,8],[9,11],[50,3],[63,69],[22,13],[44,52],[-5,20],[29,46],[50,8],[17,11],[91,17],[55,59],[53,17],[20,28],[52,52],[51,19],[40,29],[16,43],[36,27],[2,22],[53,-3],[20,25],[-17,20],[33,66],[45,51],[32,75],[11,-4],[39,29],[-12,30],[6,27],[31,14],[33,-1],[34,11],[38,-2],[1,-32],[-21,-16],[-48,-75],[-33,-41],[2,-51],[-22,-32],[-21,-50],[-21,-12],[12,-24],[-15,-29],[-6,-50],[51,-88],[34,-37],[103,-44],[48,5],[16,-9],[41,14],[84,48],[-1,26],[28,33],[19,-3],[25,41],[32,31],[29,11],[72,14],[24,-47],[66,77],[45,11],[20,25],[21,-9],[-14,-34],[11,-20],[33,-19],[41,5],[8,35],[16,19],[-4,23],[29,39],[36,29],[14,28],[32,-55],[17,5],[23,-62],[-9,-13],[-36,-8],[-23,-32],[15,-25],[-23,-12],[-10,-27],[7,-27],[33,20],[-4,36],[50,-19],[-41,-39],[-2,-20],[37,0],[25,-25],[38,9],[66,-30],[59,-51],[26,8],[28,-16],[52,-8],[30,-17],[44,-4],[47,-29],[8,33],[32,-47],[12,44],[26,17],[63,-1],[19,-13],[27,11],[80,13],[48,21],[79,14],[114,58],[26,-14],[27,56],[42,13],[46,33],[27,-3],[1,-39],[12,-43],[18,12],[27,47],[18,-20],[19,38],[40,-62],[42,17],[61,10],[76,37],[22,26],[68,48],[40,41],[27,14],[65,51],[11,57],[21,13],[-7,30],[9,33],[42,25],[27,-9],[25,-32],[5,48],[33,19],[46,-22],[-8,52],[-28,13],[29,82],[-10,47],[40,11],[75,11],[27,11],[70,48],[46,56],[14,36],[49,18],[61,51],[106,83],[56,34],[51,63],[33,-4],[3,-64],[-35,40],[-22,-14],[10,-45],[-29,-15],[2,-40],[78,28],[14,-35],[26,42],[27,18],[67,-8],[24,36],[47,10],[32,-18],[8,25],[57,30],[17,1],[38,29],[4,-33],[17,-46],[43,-24],[-3,37],[65,18],[20,-8],[40,29],[33,5],[37,-7],[21,17],[31,-27],[42,-6],[12,36],[25,-1],[21,-16],[17,22],[-7,22],[50,36],[-4,27],[90,25],[-12,-48],[-1,-54],[31,-24],[73,19],[-6,19],[-36,0],[-36,21],[1,19],[99,15],[45,21],[22,-41],[60,-34],[25,-7],[34,32],[56,22],[64,36],[30,25],[48,17],[29,-4],[39,9],[56,-6],[19,31],[3,47],[27,68],[23,17],[23,-4],[18,52],[17,22],[54,98],[31,29],[38,14],[45,28],[40,47],[22,39],[26,70],[16,100],[25,60],[29,-1],[74,26],[40,8],[36,23],[27,31],[30,60],[-8,40],[21,28],[54,-3],[72,-51],[20,-43],[1,-27],[33,-36],[91,-23],[9,18],[-47,8],[-43,16],[-15,50],[14,100],[29,18],[81,-5],[43,-20],[55,-35],[115,-31],[37,-18],[55,7],[76,-15],[29,-21],[53,-1],[33,10],[58,-63],[64,18],[48,-18],[-4,-17],[21,-29],[78,-66],[114,-58],[61,17],[56,21],[71,40],[52,49],[24,54],[-5,27],[53,26],[12,-36],[2,-51],[35,2],[22,30],[30,4],[-4,61],[8,32],[-24,20],[26,22],[25,1],[16,-28],[26,13],[-14,40],[68,-37],[66,-5],[47,9],[79,27],[74,31],[84,19],[88,27],[36,4],[56,-6],[108,16],[51,17],[31,1],[103,27],[52,-7],[111,4],[245,85],[67,26],[68,35],[82,37],[63,16],[63,31],[186,81],[24,4],[116,56],[79,20],[76,27],[145,74],[126,69],[42,18],[154,81],[58,24],[20,15],[47,16],[98,48],[122,56],[83,56],[82,64],[104,71],[52,47],[53,34],[85,72],[152,138],[116,131],[36,50],[90,105],[81,106],[52,84],[38,53],[91,145],[56,94],[130,225],[49,89],[23,66],[12,53],[-16,20],[43,54],[43,84],[26,86],[-8,41],[12,23],[29,10],[35,67],[17,46],[9,103],[25,0],[22,33],[31,90],[35,32],[12,22],[-19,26],[15,77],[-6,44],[-37,42],[-37,5],[-5,63],[21,31],[33,-2],[36,11],[38,-37],[62,39],[60,-1],[38,26],[12,-7],[24,62],[16,18],[27,-3],[67,56],[-5,32],[-15,24],[3,43],[-8,25],[-29,43],[-23,6],[-17,26],[-64,17],[2,23],[64,30],[20,24],[41,90],[9,34],[41,-17],[-9,51],[-17,18],[3,28],[20,37],[56,67],[39,9],[37,-58],[43,-23],[64,16],[26,14],[76,63],[18,1],[33,31],[55,69],[44,6],[42,36],[46,76],[24,20],[43,92],[53,-3],[35,34],[57,13],[37,26],[42,48],[28,54],[14,1],[27,78],[38,25],[20,-25],[14,46],[-18,18],[24,39],[65,13],[40,38],[70,20],[48,25],[21,-6],[13,22],[62,55],[44,53],[31,72],[15,95],[2,51],[-6,82],[-17,91],[-46,51],[-44,-11],[-12,10],[-72,9],[-101,39],[-33,21],[-11,-33],[-19,-23],[-28,-14],[-31,-36],[-15,-53],[-28,32],[-6,30],[-24,18],[21,27],[33,60],[11,45],[4,97],[7,48],[0,92],[-19,123],[-14,108],[11,27],[-13,40],[7,61],[-3,130],[-21,54],[-17,-4],[-4,55],[-18,119],[-21,55],[-32,26],[-21,57],[6,67],[-12,98],[0,43],[18,22],[6,45],[-6,54],[0,111],[6,99],[-6,57],[22,22],[14,53],[2,69],[11,45],[8,77],[38,70],[34,-17],[10,47],[23,45],[26,80],[25,-9],[18,42],[-6,19],[25,31],[15,-11],[52,45],[62,29],[-42,28],[-42,-24],[-28,1],[-17,18],[11,45],[67,99],[51,52],[44,26],[24,2],[31,22],[38,51],[24,52],[-15,21],[30,27],[54,35],[65,56],[25,0],[34,19],[20,26],[14,-26],[-19,-28],[51,-40],[6,70],[19,46],[-21,45],[2,40],[41,-24],[22,1],[6,-30],[35,-22],[-19,-43],[42,0],[20,-25],[35,-9],[97,15],[-51,75],[-7,27],[5,49],[-48,66],[4,43],[-36,41],[2,59],[61,3],[21,22],[-44,50],[59,74],[-18,23],[27,25],[71,-6],[34,-94],[34,-8],[68,19],[33,17],[36,32],[26,-28],[25,3],[57,33],[17,39],[32,44],[17,-4],[16,-33],[16,15],[29,-29],[25,12],[29,-23],[46,-54],[14,14],[-28,39],[-7,41],[-34,10],[-41,47],[-37,-5],[0,68],[-5,46],[-18,-9],[-8,-32],[-47,30],[7,29],[-12,20],[68,147],[20,95],[-4,29],[10,33],[27,33],[50,26],[29,-1],[51,28],[38,55],[24,59],[37,5],[31,24],[22,41],[-3,43],[-16,22],[4,66],[47,86],[16,63],[51,-36],[22,0],[46,19],[28,38],[91,50],[16,-14],[-21,-24],[25,-17],[13,-32],[-28,-9],[-15,-31],[14,-33],[23,0],[-6,-30],[14,-16],[48,-22],[18,19],[27,-19],[-74,-49],[-57,0],[-25,23],[-47,-13],[-19,-24],[2,-35],[27,-1],[4,-24],[-13,-25],[-40,-38],[1,-22],[59,-35],[-26,-16],[-13,-26],[-11,-60],[-25,2],[-24,-41],[-4,-37],[65,-16],[4,-38],[25,15],[-5,-51],[-15,-18],[18,-39],[29,19],[20,59],[17,14],[18,-37],[21,-4],[-15,-72],[21,-27],[-10,-28],[4,-31],[26,-23],[4,-21],[28,-10],[47,15],[30,-56],[53,-16],[28,8],[26,29],[20,-21],[-17,-30],[-12,-54],[-36,17],[-38,-40],[1,-64],[17,-48],[59,-20],[57,-49],[9,-30],[-5,-41],[15,-15],[-8,-28],[26,-8],[-2,-37],[-27,1],[-26,-75],[-6,-95],[50,-13],[84,-63],[81,-70],[14,-48],[91,-141],[16,-113],[-7,-16],[21,-81],[27,-23],[52,-71],[54,-66],[24,-54],[18,-74],[48,-86],[15,-37],[15,-77],[-2,-118],[37,-28],[43,1],[43,-58],[40,-15],[8,-30],[31,-68],[23,-13],[2,-28],[27,-11],[45,-47],[-8,-31],[37,-27],[-8,-40],[36,-6],[5,-34],[14,-12],[-1,-76],[27,-26],[29,-9],[24,-57],[-9,-20],[-4,-61],[14,-20],[10,-47],[27,15],[6,34],[-13,29],[17,23],[-14,43],[21,42],[-11,44],[-36,37],[8,40],[-9,102],[-1,46],[-30,24],[5,59],[13,23],[-3,54],[19,52],[32,-24],[20,53],[1,91],[31,118],[7,66],[0,64],[16,79],[41,6],[11,28],[-39,69],[-49,52],[-56,144],[2,29],[-9,66],[-3,78],[14,12],[28,54],[36,5],[20,16],[50,15],[36,-30],[4,-91],[15,4],[33,-23],[1,-38],[35,9],[23,39],[54,-50],[37,-24],[50,-57],[27,-80],[7,-36],[23,-26],[56,-94],[56,-27],[9,-32],[43,-15],[11,-40],[17,-24],[38,-15],[26,0],[59,29],[6,15],[-57,3],[-12,11],[-3,44],[-41,31],[-4,22],[-61,56],[-32,42],[-2,26],[14,22],[-13,22],[-16,77],[-12,86],[-46,104],[-6,43],[59,18],[3,14],[-43,12],[20,26],[34,61],[19,15],[92,96],[49,39],[27,57],[34,6],[13,29],[49,26],[25,-2],[18,41],[-5,32],[-19,17],[10,38],[-27,1],[-4,-40],[12,-26],[-92,-51],[-34,0],[-16,-35],[-40,-21],[-38,-29],[-59,-9],[-29,-32],[-56,-16],[-21,12],[-43,48],[-32,67],[0,89],[-27,21],[-73,133],[-15,46],[0,47],[-31,11],[-28,-19],[-29,27],[-30,47],[-47,42],[-23,58],[-29,18],[-6,24],[-27,-1],[-36,17],[-20,20],[-23,-15],[-60,29],[-73,-6],[-39,17],[28,28],[-6,26],[43,23],[37,-4],[35,16],[1,23],[-20,26],[18,35],[8,42],[33,-23],[31,36],[-1,23],[21,18],[40,-8],[-5,49],[-61,44],[-19,-4],[-8,-29],[-59,0],[-60,7],[20,-27],[9,-45],[-37,1],[-20,13],[-29,-74],[-26,36],[4,45],[-18,55],[-14,-6],[-34,19],[-28,34],[15,37],[-87,15],[31,13],[40,0],[73,-26],[18,6],[14,30],[-36,44],[-37,14],[-21,26],[23,15],[30,-15],[38,-33],[48,-20],[62,-42],[34,-3],[24,-22],[181,-40],[-19,38],[-36,8],[-43,25],[-36,-14],[-10,38],[38,15],[14,-8],[40,9],[33,-13],[54,1],[8,32],[-30,15],[-34,35],[-36,9],[-27,29],[-65,29],[-85,28],[-39,19],[-47,14],[-12,47],[56,-15],[71,-39],[53,-7],[-14,23],[-56,24],[-17,34],[-47,10],[-27,15],[15,21],[20,-23],[77,-14],[90,-23],[20,-17],[-10,-28],[48,-26],[20,21],[104,-35],[53,40],[9,18],[-22,29],[-52,18],[-69,64],[4,52],[27,-24],[11,-34],[18,-13],[8,44],[36,-21],[51,1],[36,10],[-44,36],[23,9],[-27,54],[-42,6],[-6,26],[-44,37],[-36,7],[-31,27],[-15,27],[-30,3],[0,-25],[26,-33],[-6,-19],[-26,1],[-31,20],[-7,-20],[-78,58],[-37,47],[-2,42],[21,-1],[33,-25],[33,46],[34,18],[23,-1],[-1,30],[-32,-7],[-35,44],[-8,26],[42,11],[-2,21],[-50,19],[-15,14],[4,40],[-28,23],[43,13],[30,31],[17,-13],[50,22],[20,-14],[18,13],[32,-22],[28,5],[41,47],[52,-12],[15,-36],[20,-14],[20,12],[18,51],[18,24],[19,-30],[52,-25],[33,-29],[49,-87],[48,-23],[12,-25],[-48,-4],[-17,-15],[3,-25],[24,-52],[-6,-37],[-31,4],[-18,28],[-40,-20],[-42,6],[-7,-19],[23,-25],[34,-13],[34,-28],[13,5],[42,-58],[29,-30],[45,-29],[33,27],[35,-15],[18,-28],[-13,-26],[40,-24],[7,-16],[-24,-39],[16,-34],[-60,18],[-16,-44],[4,-59],[26,-60],[34,-23],[3,31],[-14,33],[25,7],[15,-16],[36,27],[-16,23],[10,100],[15,71],[-21,20],[-22,86],[30,-13],[9,-54],[15,-23],[79,-65],[91,-62],[29,14],[-15,77],[-32,43],[-17,6],[-29,60],[-37,38],[95,70],[-53,32],[-18,45],[-14,-2],[-22,33],[-29,17],[-4,41],[33,-13],[20,-31],[97,-52],[18,-2],[16,-26],[24,12],[11,-15],[41,5],[28,-11],[27,-35],[55,8],[54,-4],[43,-20],[46,-4],[37,-35],[45,-22],[46,-36],[-3,-46],[22,-10],[26,-32],[-16,-29],[28,-32],[-8,-15],[20,-26],[7,-48],[25,-34],[3,-19],[36,-20],[25,22],[32,7],[31,-16],[51,-6],[25,6],[58,-10],[27,-35],[-8,-28],[-53,-46],[17,-30],[17,12],[65,10],[27,29],[30,17],[36,-2],[3,-36],[44,-66],[-16,-55],[36,-43],[-22,-42],[-27,-1],[37,-47],[39,34],[16,67],[-7,29],[48,3],[31,-12],[13,18],[-54,36],[-26,9],[-39,-15],[-44,54],[13,49],[-12,12],[-2,59],[-29,29],[-27,2],[-23,-18],[-69,-11],[21,103],[61,72],[34,54],[37,-19],[2,-53],[28,-6],[22,18],[8,-44],[-4,-22],[31,-19],[28,21],[5,-61],[96,9],[26,16],[20,-19],[63,-1],[11,-7],[49,9],[46,-17],[44,-4],[38,7],[32,19],[193,12],[59,11],[58,20],[105,-54],[50,-50],[38,-18],[23,-1],[51,16],[70,-2],[82,33],[-8,29],[10,45],[-11,9],[-19,-64],[-34,-14],[-46,15],[-71,-16],[-37,17],[-39,-7],[-11,-11],[-41,63],[-21,24],[-100,31],[-54,8],[-24,48],[-51,31],[-52,-15],[-68,16],[-61,25],[-56,2],[-33,15],[-34,3],[-75,-15],[-43,-21],[-39,-6],[-65,-37],[-40,44],[-27,-38],[-35,-2],[-21,-12],[-34,6],[-22,17],[0,46],[-26,13],[20,87],[-19,26],[-8,31],[34,89],[-9,29],[-52,39],[-2,27],[24,16],[20,32],[-27,49],[29,6],[5,40],[25,-19],[31,-3],[16,-16],[11,54],[25,76],[6,49],[-16,53],[-2,77],[27,-8],[22,17],[31,-8],[13,-55],[-41,-38],[25,-7],[32,-36],[27,-65],[28,-31],[20,-46],[-6,-18],[20,-36],[14,78],[62,79],[24,46],[43,-18],[41,-2],[40,25],[63,64],[-17,5],[-38,-15],[-35,-46],[-34,6],[-2,86],[-7,49],[2,86],[-12,20],[14,54],[-15,37],[11,40],[29,25],[46,-21],[5,30],[-48,17],[8,41],[-12,31],[33,24],[0,21],[27,29],[-39,57],[6,19],[53,28],[65,79],[49,-24],[13,33],[26,26],[16,-4],[34,20],[-22,55],[30,17],[30,-21],[23,19],[-61,38],[-31,57],[-29,-18],[-31,7],[-19,20],[-25,-17],[-57,-22],[-19,-27],[-37,-24],[-23,-29],[-25,-47],[-26,-64],[-19,-16],[-24,-54],[-13,-56],[-15,-14],[-29,-103],[-21,-51],[-54,-90],[-33,-25],[-12,47],[12,101],[16,32],[-31,2],[-27,27],[-1,76],[-11,30],[13,27],[-6,46],[-33,14],[-11,48],[5,41],[-41,-23],[1,-48],[-15,-52],[-23,9],[-17,45],[-14,-55],[-19,20],[-5,80],[1,57],[7,31],[-26,77],[-4,43],[9,18],[-24,38],[1,47],[12,16],[-2,34],[10,32],[-24,79],[-37,-18],[-17,24],[34,12],[21,-13],[27,-38],[25,11],[-1,43],[15,49],[24,-47],[43,-6],[-7,67],[-18,11],[7,33],[-14,90],[-18,14],[-23,-37],[-12,14],[7,29],[40,51],[-2,39],[-28,34],[22,25],[23,-18],[24,53],[44,2],[-8,34],[8,21],[56,34],[-10,20],[-34,-40],[-29,-13],[-27,16],[15,25],[61,49],[56,7],[43,20],[37,-51],[43,-9],[10,-38],[31,11],[35,-7],[-6,-42],[28,-23],[30,53],[36,1],[23,-55],[10,42],[-17,21],[7,33],[-13,16],[14,37],[-18,22],[15,16],[19,61],[29,39],[22,-24],[-20,-30],[-11,-36],[43,-65],[53,-6],[12,29],[-7,24],[-25,26],[2,37],[-9,34],[9,24],[27,9],[-23,35],[22,39],[36,19],[31,5],[24,20],[16,47],[-11,22],[-33,-21],[-34,15],[-33,-2],[-14,-14],[-29,2],[-10,66],[51,21],[28,-9],[37,35],[-37,47],[-23,18],[-25,89],[67,-30],[16,9],[-11,53],[34,-4],[27,-39],[25,-12],[64,-53],[13,-50],[-16,-43],[-50,-38],[29,-34],[15,51],[32,29],[29,37],[-10,31],[15,19],[22,-10],[59,-59],[5,-23],[25,-3],[12,28],[28,-35],[3,-23],[-21,-12],[23,-39],[11,8],[45,-2],[0,27],[53,-42],[34,-12],[20,-32],[46,-33],[44,-8],[7,-54],[19,-4],[9,-31],[22,-3],[35,-23],[25,-40],[6,-26],[-12,-31],[-34,-30],[2,-21],[30,-12],[48,29],[22,-36],[-6,-96],[25,-5],[-6,39],[29,45],[4,36],[43,44],[28,7],[38,-12],[34,-28],[36,-19],[64,-63],[-6,-23],[50,-28],[34,-41],[15,4],[45,-30],[24,-24],[29,-49],[83,-47],[69,-57],[-2,26],[-55,41],[-37,19],[-40,53],[-29,4],[-23,36],[-42,34],[-4,22],[-63,34],[-41,38],[-20,39],[-22,8],[-33,40],[-35,14],[-44,44],[-33,20],[-1,16],[34,89],[16,97],[2,46],[42,40],[37,17],[35,0],[18,26],[-54,-1],[-78,-35],[-5,9],[37,95],[0,71],[-19,-28],[-10,-47],[-15,-21],[-27,-12],[-33,4],[-25,35],[-28,3],[-21,32],[-12,-29],[-63,-34],[-15,-21],[-27,-5],[-7,-21],[-30,-5],[-40,-33],[-35,-20],[-18,5],[-26,-29],[-21,10],[-34,38],[21,34],[-36,1],[-38,65],[8,35],[16,11],[3,29],[44,41],[-1,29],[37,5],[1,32],[47,54],[36,1],[27,33],[34,-19],[40,-54],[27,42],[47,22],[11,48],[19,6],[24,33],[30,23],[-35,54],[-40,-30],[-48,14],[12,-32],[-50,-64],[-29,15],[23,62],[-32,7],[-31,-46],[-7,-38],[-20,-22],[-36,24],[9,-47],[-44,-35],[-41,-19],[-6,-43],[-23,-7],[-37,-31],[-19,13],[31,49],[-38,-10],[-14,17],[5,44],[32,36],[-33,13],[8,29],[54,59],[-17,5],[-76,-34],[-9,22],[-36,-12],[12,65],[34,33],[33,5],[-3,42],[33,13],[30,33],[28,-6],[13,15],[51,-6],[21,-33],[43,3],[25,-24],[30,-5],[16,49],[45,34],[17,21],[17,-6],[19,-39],[17,12],[11,55],[25,36],[-4,14],[-40,20],[-20,77],[-17,14],[23,38],[-10,54],[23,34],[30,21],[25,-23],[19,27],[38,21],[23,-46],[-5,-40],[-56,-66],[2,-24],[42,-34],[5,-26],[-12,-26],[52,-6],[4,37],[21,36],[-3,24],[53,-26],[18,-40],[-18,-5],[-10,-45],[2,-51],[39,-31],[1,-44],[15,-49],[45,-48],[21,20],[14,45],[25,-10],[24,27],[36,14],[32,42],[31,6],[55,-6],[27,-29],[9,33],[16,14],[21,-10],[-24,-81],[6,-43],[21,2],[43,-18],[16,-16],[43,19],[36,7],[40,-23],[47,31],[72,-42],[23,3],[54,22],[43,-2],[51,-15],[-1,53],[-54,5],[-12,13],[-98,0],[-42,-4],[-10,24],[-40,17],[-8,23],[35,39],[30,21],[0,47],[-58,6],[-23,15],[21,37],[21,2],[45,26],[22,-12],[20,40],[42,32],[37,12],[21,58],[-26,-4],[-14,-41],[-59,-22],[-20,9],[-19,-30],[-45,-11],[-36,104],[-19,-26],[-26,-9],[-8,20],[-31,1],[-4,42],[-41,-54],[-41,8],[-18,21],[-28,3],[2,58],[28,-6],[6,25],[-66,25],[-38,-57],[-13,42],[17,53],[-35,7],[-13,-50],[-25,-22],[-35,-1],[-12,62],[37,17],[-1,26],[20,17],[0,22],[56,36],[29,-11],[-11,-35],[26,-24],[29,8],[29,-7],[28,19],[-1,21],[-28,27],[32,12],[23,29],[10,42],[-41,-6],[2,35],[-34,-5],[-9,46],[-27,-19],[-45,20],[-19,-26],[0,-24],[-36,13],[-3,17],[22,55],[-55,-44],[-26,18],[-31,43],[-26,-3],[-10,33],[28,-2],[-10,67],[4,39],[-10,18],[-51,13],[-26,33],[-16,-18],[-21,67],[37,51],[59,-12],[13,24],[-16,33],[6,34],[55,8],[16,-42],[14,39],[-17,39],[8,67],[21,-8],[15,26],[30,-10],[20,-53],[26,-23],[16,11],[-21,31],[11,61],[35,-9],[8,19],[48,1],[24,10],[-47,61],[-25,-30],[-44,19],[-13,28],[-19,10],[20,38],[-4,19],[26,31],[23,-1],[10,9],[9,24],[28,11],[21,48],[23,-45],[36,-3],[-2,38],[46,32],[-6,84],[20,24],[34,-4],[-17,-50],[5,-64],[25,-20],[-3,-25],[-29,-39],[18,-9],[38,39],[31,-3],[27,15],[-10,45],[26,24],[5,-32],[29,-87],[3,-42],[35,-40],[-1,-21],[27,-15],[-19,68],[2,20],[34,-12],[-6,65],[32,5],[18,40],[-20,39],[7,46],[28,4],[16,-60],[19,14],[-9,65],[15,25],[43,14],[15,33],[23,-34],[45,7],[31,-15],[-7,-46],[-21,1],[-13,-24],[10,-29],[-36,-3],[10,-26],[41,4],[99,-10],[-52,30],[2,32],[25,39],[26,-29],[30,60],[-15,61],[1,41],[-16,46],[17,44],[-1,45],[21,9],[4,30],[21,20],[-6,36],[-36,70],[-35,20],[-2,35],[30,40],[-46,82],[44,113],[-4,18],[-33,31],[15,36],[38,-37],[3,31],[32,45],[23,2],[7,-24],[48,-25],[37,-73],[0,-31],[40,-5],[65,-40],[29,36],[7,-61],[-28,-17],[-3,-31],[26,-28],[-48,-33],[-20,20],[-57,29],[-16,-16],[20,-25],[4,-44],[-15,-21],[1,-38],[-34,-3],[-6,-38],[22,-15],[4,-68],[-9,-53],[42,-27],[2,-45],[17,-31],[-2,-35],[12,-13],[-2,-42],[-13,-27],[-10,-85],[-67,-210],[13,-43],[32,71],[6,41],[14,27],[10,56],[25,65],[-1,18],[24,46],[15,64],[-1,31],[19,21],[38,14],[27,-24],[40,15],[26,24],[14,-22],[19,35],[33,4],[10,63],[34,-6],[-25,-74],[20,-20],[48,38],[53,27],[16,-61],[-29,1],[-57,-25],[-13,-36],[36,-37],[8,-37],[35,-35],[-13,-15],[-33,4],[0,-28],[37,-20],[8,-30],[-29,-1],[-16,-24],[38,-44],[1,-48],[24,-20],[20,22],[28,-1],[15,-50],[25,3],[20,-26],[20,-67],[29,42],[18,-15],[16,83],[-9,34],[-24,36],[-3,25],[-38,26],[-6,17],[24,45],[22,5],[-2,38],[25,18],[36,0],[37,33],[26,-3],[4,-65],[28,-4],[26,-26],[18,3],[7,35],[24,23],[-18,17],[24,26],[19,-21],[46,-30],[21,23],[-18,38],[5,127],[-37,6],[-17,42],[1,71],[-20,43],[-39,6],[-33,-17],[-19,64],[59,-6],[21,14],[13,43],[22,-2],[48,64],[58,-9],[24,29],[-22,52],[11,21],[33,-9],[-13,78],[-42,69],[-20,70],[2,21],[29,3],[19,29],[52,-7],[24,15],[25,-8],[22,13],[25,43],[-9,19],[35,11],[12,74],[9,11],[-37,55],[37,23],[-14,77],[-45,21],[-17,62],[-31,41],[-31,23],[-33,-33],[-28,30],[-30,7],[-31,-22],[-42,-41],[-29,11],[-31,29],[-14,34],[-27,4],[-3,53],[-39,30],[12,22],[5,46],[-6,28],[-18,25],[26,24],[12,-43],[29,-48],[34,-13],[-11,-23],[-9,-60],[43,29],[27,38],[52,13],[-1,22],[-26,24],[-17,33],[-24,-5],[-11,28],[42,23],[60,-13],[22,-122],[51,-39],[13,34],[-28,27],[17,22],[-14,21],[16,26],[-25,32],[-34,73],[-9,-5],[-58,33],[15,14],[-48,27],[-40,12],[24,28],[28,-5],[38,-47],[26,0],[15,26],[-7,22],[43,48],[21,43],[21,-14],[-24,-25],[-10,-36],[28,-15],[44,-7],[-10,-19],[53,-19],[3,66],[31,1],[35,-17],[-13,-35],[-29,-38],[-8,-30],[44,-25],[-59,-58],[-16,-36],[-50,-49],[29,-10],[79,87],[60,33],[25,34],[47,-4],[20,9],[17,-63],[-31,21],[-33,1],[-17,-20],[-27,-2],[-32,-29],[-14,1],[-18,-35],[7,-27],[34,26],[43,-8],[32,19],[21,-30],[33,-3],[11,-31],[-18,-42],[-28,-13],[-43,3],[-38,-35],[-16,-27],[56,-2],[-52,-53],[-9,-45],[80,66],[36,2],[-15,-38],[10,-30],[27,-29],[-15,-27],[-26,3],[-28,-27],[-4,-23],[21,-26],[-25,-49],[21,-39],[39,-12],[48,13],[11,-29],[21,-10],[-34,-43],[-19,-49],[-6,-34],[21,1],[13,25],[29,-8],[23,-32],[40,3],[22,44],[43,-27],[17,29],[-2,32],[28,29],[31,5],[58,39],[-43,59],[-24,6],[-13,25],[-39,-2],[-11,39],[10,51],[21,15],[2,61],[48,-2],[27,7],[-3,107],[-21,15],[16,24],[33,-8],[41,9],[33,-6],[28,94],[62,10],[13,42],[27,42],[18,-18],[-6,-22],[38,-29],[42,34],[26,-1],[44,85],[26,9],[29,34],[12,29],[47,-24],[51,25],[8,-26],[-26,-19],[-54,-17],[-35,-63],[-30,-34],[-21,-41],[-30,8],[-19,-36],[1,-27],[24,-51],[-34,-4],[-11,-21],[-61,-64],[4,-66],[36,-18],[54,19],[19,24],[30,15],[12,32],[20,-21],[-7,-36],[-26,6],[-30,-24],[-7,-31],[6,-56],[69,-75],[26,26],[30,1],[48,20],[13,-43],[-28,-37],[0,-41],[17,-42],[-14,-61],[26,-34],[45,-1],[29,-12],[-5,73],[17,28],[-8,53],[29,0],[28,-30],[37,15],[15,34],[2,45],[-12,60],[24,36],[8,37],[-13,10],[-1,36],[-24,56],[16,12],[31,-16],[3,-20],[38,-48],[23,-17],[-9,-34],[6,-38],[39,6],[11,25],[27,19],[-16,62],[43,12],[14,66],[45,74],[-20,30],[4,42],[-23,9],[-31,-40],[-63,16],[-18,63],[39,77],[32,-68],[31,11],[23,-7],[22,21],[-14,30],[49,9],[33,-4],[13,19],[25,-7],[23,-24],[9,-27],[63,53],[50,1],[56,-31],[12,-40],[28,10],[26,21],[-79,91],[-68,52],[-15,25],[-85,-1],[11,32],[-29,96],[-61,67],[-13,59],[-22,42],[5,52],[-25,16],[-18,32],[33,18],[24,-5],[34,17],[24,-24],[9,40],[18,-5],[46,24],[2,-27],[28,-23],[1,-27],[-13,-38],[40,-23],[-1,37],[34,22],[33,-12],[6,16],[-27,23],[-25,37],[-6,40],[13,11],[39,-9],[-1,20],[30,11],[60,-48],[37,-10],[11,-17],[42,28],[-14,22],[-30,2],[-11,35],[28,11],[55,-18],[8,17],[43,-40],[23,-32],[4,-49],[22,-24],[8,44],[22,-50],[28,-29],[-10,-61],[28,15],[9,-26],[19,-6],[5,48],[23,0],[8,-29],[-24,-62],[33,-9],[12,26],[24,11],[27,-13],[-1,-42],[-39,-36],[18,-20],[-8,-65],[40,12],[43,23],[7,-17],[-17,-42],[17,-23],[-4,-37],[18,-27],[-11,-26],[39,-19],[-22,-34],[78,-52],[-5,27],[24,13],[-13,28],[17,19],[10,52],[48,17],[-21,45],[41,9],[21,-45],[-22,-47],[10,-35],[19,-3],[18,-34],[12,55],[36,4],[12,21],[2,41],[15,43],[51,7],[15,10],[24,-36],[22,-13],[1,-43],[15,0],[41,-61],[21,-17],[50,-10],[21,12],[12,32],[-9,28],[-28,7],[-17,21],[-4,35],[35,10],[21,20],[32,-8],[4,-25],[57,-54],[26,-9],[43,-64],[25,54],[17,0],[-10,-67],[32,-17],[21,-31],[42,-36],[4,-30],[-44,-57],[26,-30],[-25,-55],[20,-25],[18,9],[32,-17],[1,-42],[18,-2],[11,46],[69,-46],[49,-20],[-5,-34],[-33,-42],[4,-18],[52,45],[29,-1],[25,-26],[3,-37],[26,-5],[46,-52],[39,9],[36,-58],[51,-27],[-5,-20],[33,-14],[24,-22],[-3,-64],[41,-17],[16,-37],[-6,-36],[53,-34],[42,-60],[52,-60],[33,-19],[8,-38],[33,-47],[18,-108],[3,-51],[20,-8],[18,21],[22,-48],[26,9],[14,-18],[-8,-78],[-14,-31],[11,-29],[22,-4],[19,-53],[22,-39],[11,-9],[63,46],[19,-58],[33,-36],[37,-13],[32,14],[35,-57],[-15,-32],[-15,-68],[21,-31],[20,2],[11,-56],[25,-13],[66,47],[-5,34],[13,19],[17,-40],[39,-2],[12,-19],[32,-19],[49,-62],[18,-33],[21,-13],[-6,-76],[15,-14],[34,16],[40,-13],[19,-22],[19,4],[30,-21],[15,-36],[-14,-31],[40,10],[22,-61],[68,-29],[32,24],[41,-13],[20,-33],[-18,-18],[6,-34],[21,-13],[-24,-29],[-38,50],[-41,-20],[-1,-34],[-20,-99],[17,-66],[29,-44],[-5,-27],[-53,-12],[-31,2],[-34,-14],[-21,-23],[-41,-23],[11,-28],[39,0],[-38,-90],[-14,-60],[-25,-71],[16,-53],[-2,-82],[-34,-56],[-12,-89],[20,-63],[-20,-9],[-7,-27],[-29,-31],[-12,-56],[19,-59],[-5,-37],[10,-43],[34,-33],[-6,-43],[-11,-24],[4,-48],[-6,-29],[-23,-30],[15,-33],[-10,-18],[-1,-53],[17,-17],[6,-34],[-29,-22],[-20,-33],[-48,-20],[32,-20],[-4,-33],[8,-39],[46,-85],[7,-70],[-29,-126],[-52,-116],[-19,-26],[-28,-11],[-13,-37],[54,1],[35,19],[46,44],[29,42],[7,40],[31,61],[11,36],[15,117],[-4,69],[12,62],[0,112],[-7,38],[-29,64],[-30,22],[-1,17],[31,14],[-6,87],[26,59],[13,12],[42,-46],[48,-25],[66,-66],[52,-86],[58,-63],[8,-20],[39,-37],[4,-42],[53,-63],[10,-23],[-9,-44],[11,-102],[35,-114],[-15,-38],[19,-25],[17,137],[-24,25],[-7,116],[17,56],[3,65],[-26,70],[-29,50],[-95,90],[-47,127],[9,112],[-7,100],[-28,54],[-38,45],[4,46],[19,65],[45,109],[20,60],[43,20],[40,30],[23,1],[41,24],[37,-49],[53,-138],[11,11],[-40,115],[-55,84],[11,90],[45,29],[17,-16],[7,-34],[-1,-46],[8,-44],[36,-96],[21,-87],[15,-24],[14,-62],[19,22],[-16,53],[-10,62],[-1,70],[33,-4],[34,-32],[51,-76],[7,5],[-57,100],[-87,73],[-8,18],[16,63],[3,172],[30,-12],[35,-61],[12,-32],[51,-67],[26,-16],[17,-67],[13,-26],[43,-57],[17,18],[-44,62],[-21,79],[-18,34],[-16,62],[6,29],[-35,78],[28,-2],[27,-27],[37,-76],[81,-125],[63,-55],[9,-46],[36,-21],[-25,72],[-51,49],[-30,46],[-12,44],[18,42],[-44,85],[-45,72],[-5,16],[-54,54],[-53,34],[-27,-8],[-11,24],[33,34],[20,0],[39,21],[49,-39],[70,32],[23,39],[24,-15],[48,29],[68,-13],[-5,22],[44,22],[19,-26],[19,-4],[30,-33],[66,-34],[32,13],[-3,32],[53,0],[37,-18],[65,-2],[38,-12],[38,-35],[30,-18],[18,-36],[25,-26],[39,10],[110,-27],[85,-41],[64,-7],[29,10],[94,5],[17,-17],[34,-7],[92,-39],[19,4],[64,-8]],[[447,53660],[-2,-21],[-27,-26],[0,-40],[-9,-33],[7,-22],[-5,-56],[-14,-22],[-3,-59],[-16,-12],[-4,63],[-11,36],[9,46],[36,87],[13,98],[1,85],[5,23],[-18,149],[32,77],[2,31],[57,59],[-18,-54],[27,-84],[-22,-45],[-6,-66],[-15,-25],[-2,-103],[-20,-51],[3,-35]],[[5897,66343],[37,48],[37,57],[1,25],[18,30],[37,18],[37,54],[32,65],[21,18],[25,60],[35,40],[62,-26],[15,-15],[-16,-48],[1,-26],[34,-59],[5,-24],[-19,-97],[5,-27],[-33,-50],[-27,-88],[2,-15],[-57,-26],[-19,-85],[-14,3],[-33,-36],[-3,-19],[-55,-16],[-12,50],[-30,19],[-59,-3],[-8,-56],[-31,39],[-22,15],[0,62],[32,88],[2,25]],[[224,52657],[-17,-55],[15,-47],[-7,-17],[22,-44],[30,-104],[22,-28],[-1,-43],[12,-14],[1,-44],[26,-123],[9,-31],[32,-41],[-17,-20],[31,-121],[19,-33],[32,-26],[6,-62],[37,-82],[-13,-85],[28,-37],[26,2],[22,-19],[38,-4],[-43,-41],[7,-19],[-37,-41],[16,-58],[-3,-44],[12,-58],[36,2],[14,36],[-19,37],[16,32],[27,-19],[-8,-40],[9,-55],[66,-62],[24,-5],[-4,-61],[49,-83],[5,-30],[31,-83],[-2,-29],[-20,-11],[22,-35],[-32,-21],[0,-33],[13,-19],[-38,-52],[-10,71],[-38,34],[-34,12],[-37,112],[-23,86],[-48,86],[-60,83],[-83,100],[-39,43],[-38,61],[-38,86],[-20,98],[-56,83],[-65,110],[-16,45],[24,15],[7,69],[-18,32],[-8,56],[-27,42],[-52,168],[-18,24],[-18,85],[-3,62],[19,70],[-2,103],[29,48],[41,49],[17,33],[20,10],[36,-49],[88,-12],[-24,-45]],[[2447,51662],[11,-72],[-7,-40],[-27,-1],[-68,32],[-63,122],[3,100],[22,0],[39,29],[59,-47],[13,-3],[11,-57],[-5,-20],[12,-43]],[[8914,66935],[27,-14],[-19,-31],[-40,-2],[-23,13],[-16,-13],[-46,-2],[-61,28],[-26,-10],[-4,36],[31,23],[87,35],[-2,-31],[21,-21],[28,6],[24,70],[25,18],[8,-49],[26,27],[44,2],[3,-23],[-44,-14],[-20,5],[-23,-53]],[[9587,67245],[21,35],[18,55],[28,52],[30,28],[44,21],[-27,-97],[-1,-46],[-23,-21],[14,-18],[46,30],[-28,-76],[-22,-21],[-17,20],[-52,-24],[-51,6],[20,56]],[[28452,82108],[-44,-4],[-9,-21],[14,-28],[-44,-4],[20,77],[-25,9],[-19,34],[6,26],[27,-4],[20,80],[45,24],[-5,33],[46,-8],[9,27],[-39,-8],[-29,23],[29,43],[82,34],[47,55],[28,-46],[-9,-22],[9,-40],[-23,-52],[2,-39],[17,-2],[32,26],[18,-22],[4,-54],[-9,-24],[53,6],[5,-26],[31,-33],[12,-32],[-16,-19],[8,-23],[40,-22],[38,-8],[-76,-48],[-14,-27],[-23,13],[-90,-61],[-52,-15],[-38,-2],[-31,34],[-27,-1],[28,56],[28,-7],[51,75],[-20,18],[1,43],[-35,-17],[-14,-27],[-18,17],[-32,-54],[-16,21],[7,26]],[[28143,82288],[-48,-7],[-38,44],[17,41],[70,28],[34,5],[19,-15],[40,45],[3,30],[19,20],[49,-3],[28,-31],[-17,-57],[33,-44],[-56,-48],[-43,9],[1,26],[-32,25],[-18,-40],[-16,0],[-6,-48],[-20,-1],[-19,21]],[[504,54471],[-2,95],[6,47],[24,65],[6,88],[27,58],[7,41],[28,-50],[-7,-100],[-9,-54],[-18,-34],[-13,-58],[-20,-32],[10,-51],[-3,-60],[7,-52],[15,-26],[-40,-50],[-23,-6],[-1,45],[17,65],[-11,69]],[[37354,82769],[-20,42],[0,29],[-13,32],[2,26],[25,50],[-7,25],[14,84],[-13,28],[17,22],[16,-18],[24,-2],[24,-28],[-3,-39],[22,-77],[44,-53],[20,-10],[28,-36],[3,-32],[-19,-60],[4,-89],[-59,51],[-48,30],[-61,25]],[[29201,82535],[12,20],[27,-33],[29,13],[36,-25],[16,-29],[-21,-54],[-84,-55],[-16,-24],[-43,43],[13,34],[-8,43],[20,11],[9,51],[10,5]],[[29453,83164],[14,32],[-47,14],[17,30],[22,1],[8,44],[-37,-23],[-26,-1],[-20,-23],[-13,34],[12,27],[30,40],[8,-40],[54,13],[6,49],[-20,70],[21,16],[11,-52],[27,-38],[-2,-69],[12,-30],[-27,-40],[13,-21],[47,18],[-26,-44],[8,-25],[25,-14],[-27,-34],[-90,66]],[[30001,84253],[-4,31],[-29,14],[-49,-6],[-13,56],[7,25],[-7,57],[14,56],[-14,42],[56,3],[4,-19],[50,23],[10,26],[-11,55],[-18,-22],[-14,47],[-18,22],[11,53],[17,6],[25,36],[47,7],[-17,49],[34,20],[27,-17],[33,-74],[20,-2],[38,-55],[-9,-57],[-28,-87],[-20,-23],[-24,8],[2,-37],[30,12],[22,-44],[-4,-38],[26,-48],[-33,-21],[-19,21],[-17,-36],[0,-33],[-20,-4],[-21,33],[-19,-30],[-26,-22],[6,-35],[-17,-21],[-28,29]],[[30107,83080],[-5,-44],[25,-6],[31,26],[12,-12],[60,-8],[8,-16],[-2,-39],[-34,-60],[-71,-54],[-39,11],[-12,46],[22,18],[-14,49],[-22,11],[0,28],[-22,11],[-5,39],[10,33],[29,28],[19,-16],[10,-45]],[[83957,1129],[-5,46],[-14,26],[59,29],[-37,45],[7,27],[-25,11],[3,36],[-35,-1],[16,-65],[-36,-28],[-3,-37],[-39,-18],[-22,21],[-42,9],[-46,57],[-52,2],[26,101],[-6,21],[26,34],[10,54],[13,11],[13,66],[20,28],[35,91],[-36,-23],[-23,-58],[-72,-119],[4,-29],[-28,-8],[-2,-79],[-36,7],[-14,-15],[34,-22],[-8,-98],[63,-15],[24,-36],[116,-81],[29,-6],[3,-33],[25,-28],[51,-26],[0,-20],[-47,-25],[-24,-83],[-22,-18],[-15,40],[-29,12],[-47,-15],[-23,6],[-24,-25],[-5,-29],[37,0],[39,-32],[65,-21],[-16,-15],[-5,-47],[-46,-42],[-19,-65],[-28,-30],[34,-44],[-33,-21],[-13,23],[-78,9],[-31,-12],[-5,-28],[-25,-4],[-39,65],[-25,-7],[6,-33],[25,-8],[27,-34],[34,13],[17,-20],[36,2],[31,-22],[0,-52],[-30,-20],[-12,49],[-27,3],[-21,-21],[-41,-3],[-18,-38],[30,-62],[61,62],[12,-10],[-54,-45],[-4,-63],[-87,-11],[-41,35],[-29,-37],[-8,-53],[11,-85],[54,30],[25,-24],[-16,-35],[10,-18],[-89,-62],[-28,-7],[-26,-26],[-65,-3],[-7,42],[-41,35],[-35,12],[-80,-16],[-12,-16],[-48,10],[-51,-51],[-50,-1],[-17,11],[-30,80],[-40,6],[-16,-35],[-25,30],[14,38],[-54,17],[-20,33],[-23,11],[-34,-14],[-16,27],[20,19],[-22,29],[-55,50],[-2,69],[8,49],[-39,53],[-33,-30],[9,-106],[28,-18],[6,-38],[-58,23],[-24,-22],[-64,17],[-45,-47],[-29,11],[-42,-15],[-15,23],[-28,-9],[-75,5],[-14,-11],[-41,27],[-31,-10],[-21,40],[-53,16],[-48,-19],[-23,-44],[-65,-24],[-35,46],[-24,7],[17,46],[-2,34],[-56,26],[-101,0],[12,-37],[-12,-28],[9,-40],[-32,-37],[-39,21],[-18,61],[-33,-17],[-15,43],[-35,-5],[9,-44],[-30,0],[-30,-23],[-33,-1],[-3,-48],[11,-35],[-33,-1],[-25,43],[-30,-8],[-9,-32],[-22,-3],[-65,14],[15,123],[-37,57],[10,61],[-49,55],[-31,50],[-15,76],[-50,4],[5,35],[-32,30],[-35,2],[-23,-25],[-20,32],[7,26],[31,-7],[19,38],[43,-30],[16,41],[-6,18],[31,58],[38,-45],[114,-7],[58,-31],[16,-36],[30,17],[-54,32],[39,18],[40,3],[71,-27],[-10,-53],[17,-24],[35,10],[21,-39],[26,38],[-16,44],[54,10],[58,-10],[7,-35],[40,-1],[-5,37],[11,22],[-10,31],[1,48],[-38,-5],[-27,37],[-64,-5],[11,61],[-17,20],[-40,-31],[11,-26],[-38,-32],[-13,-68],[-55,-10],[-92,45],[-29,80],[-32,6],[-7,-50],[26,-22],[-26,-25],[-20,9],[-26,-23],[-66,23],[2,42],[-46,-10],[-9,53],[-33,6],[-19,24],[9,46],[24,26],[-7,33],[10,66],[-20,20],[-51,-3],[-24,23],[-21,50],[-35,-16],[36,-81],[-4,-28],[-52,-6],[-17,-39],[-65,14],[-20,-43],[21,-39],[19,-9],[46,29],[21,42],[40,-6],[-8,-80],[-59,-21],[-2,-25],[-50,-5],[-21,-25],[-44,45],[-53,72],[-27,4],[5,61],[-26,35],[-16,83],[8,26],[-37,23],[11,24],[-29,16],[-57,-11],[-11,54],[8,22],[-27,20],[-15,42],[-34,11],[-3,44],[13,29],[-25,15],[-48,-29],[-33,35],[-58,36],[31,14],[-17,29],[12,28],[23,10],[3,35],[-70,31],[-15,-14],[-29,49],[2,21],[-74,47],[-46,99],[-73,11],[-72,-35],[-78,12],[-15,16],[7,31],[-6,69],[-53,94],[-35,4],[-37,65],[-9,43],[-25,52],[-27,141],[-38,72],[-21,3],[-37,53],[31,92],[-32,16],[-5,47],[-28,43],[2,93],[-41,18],[-43,-5],[-4,43],[12,17],[-78,39],[-40,-26],[-43,-3],[-17,48],[43,-6],[48,46],[3,81],[-58,23],[7,30],[-52,86],[3,56],[-40,50],[-21,45],[41,57],[-2,37],[-38,62],[2,65],[-30,30],[10,27],[-15,59],[-21,17],[-11,32],[-34,33],[1,44],[40,44],[3,42],[-23,86],[-36,27],[9,44],[-18,21],[7,41],[-34,-1],[-19,27],[23,15],[51,-14],[10,-28],[31,-12],[2,-24],[23,-23],[-9,-42],[28,-2],[13,-60],[41,-10],[-5,-60],[34,-10],[32,27],[27,-4],[6,-37],[33,0],[10,-72],[50,-28],[3,-25],[46,-10],[39,-39],[77,-56],[29,12],[52,-32],[30,-57],[22,-11],[-9,-38],[-3,-58],[26,-46],[21,-96],[-10,-40],[14,-58],[32,-15],[-21,73],[20,73],[-19,34],[-4,40],[-32,45],[84,37],[8,-22],[43,-14],[31,32],[49,94],[-1,43],[29,44],[-23,25],[-36,-31],[-33,35],[-5,33],[-42,26],[-55,-50],[-25,5],[-11,67],[-75,26],[-16,61],[-56,38],[-56,75],[-35,21],[-11,43],[23,15],[-5,56],[-56,2],[31,44],[2,43],[-30,25],[-84,29],[13,-41],[-61,-18],[-41,-36],[-22,-31],[49,-30],[4,-42],[-53,-15],[-46,33],[-46,-2],[-17,19],[36,37],[36,48],[19,60],[10,107],[-4,60],[-16,96],[-12,43],[-52,131],[-39,87],[-67,126],[-33,38],[-42,15],[-28,30],[-59,45],[-3,24],[-32,34],[-52,31],[-39,45],[-6,44],[-37,41],[-52,48],[-20,3],[-41,61],[-7,50],[-23,14],[-10,39],[-52,63],[-53,29],[-32,-23],[-43,44],[-15,66],[37,27],[-10,31],[-35,30],[-7,73],[-39,119],[-32,62],[-102,167],[-50,61],[-72,131],[-49,44],[-42,22],[16,31],[41,2],[26,42],[-3,48],[-15,57],[-40,64],[-40,26],[-18,66],[-34,14],[0,47],[-15,3],[-14,71],[-28,22],[-34,52],[8,44],[19,41],[-9,53],[-44,82],[17,46],[-24,20],[16,96],[-2,40],[-39,107],[-51,34],[-37,51],[-19,43],[35,25],[-4,58],[8,64],[-46,66],[40,18],[5,21],[43,8],[21,45],[46,-16],[22,12],[43,77],[25,75],[-3,56],[-27,26],[-9,40],[21,45],[-21,37],[24,20],[7,43],[-7,24],[-37,2],[-14,15],[-1,64],[-18,22],[25,56],[21,29],[-31,28],[19,45],[50,18],[37,3],[34,-44],[-18,-40],[18,-35],[64,-7],[10,-20],[-13,-46],[32,-20],[-3,46],[18,14],[46,-15],[24,-26],[33,13],[27,-10],[22,-51],[83,-31],[58,-2],[32,-15],[12,-28],[34,28],[82,15],[22,21],[40,-35],[7,-34],[47,-61],[87,3],[38,-57],[54,-19],[34,5],[21,-24],[23,-51],[27,34],[-4,17],[72,13],[-58,43],[84,-11],[64,1],[72,15],[42,-5],[-46,-37],[41,-2],[41,25],[21,49],[-7,35],[13,51],[-21,38],[-23,69],[21,28],[22,-45],[32,-32],[34,-2],[-5,-38],[29,-24],[-42,-17],[-38,-67],[-10,-62],[55,-33],[18,13],[30,-42],[71,-51],[66,-6],[39,6],[46,-15],[66,-37],[41,-9],[64,1],[44,12],[27,20],[51,-43],[7,-41],[54,-40],[5,-24],[33,-17],[46,7],[42,-31],[41,-2],[28,-24],[26,1],[41,-20],[75,4],[123,-27],[1,-25],[-21,-36],[45,-62],[63,-20],[28,-25],[13,-29],[38,-31],[44,-21],[80,-20],[64,6],[18,-18],[62,-12],[7,-35],[30,-16],[36,-3],[40,10],[50,-23],[57,-17],[25,-26],[97,-47],[37,-2],[33,-35],[103,-16],[21,-12],[5,-32],[71,-16],[20,-27],[82,-4],[80,-21],[45,8],[10,14],[48,-19],[68,-4],[51,17],[16,-20],[64,-3],[24,-12],[-9,-28],[12,-50],[-30,-41],[23,-4],[17,-54],[25,23],[-20,37],[-26,16],[18,20],[-12,47],[34,25],[32,-11],[61,17],[20,13],[93,6],[75,32],[84,55],[42,10],[-7,-81],[36,-20],[8,-29],[23,-17],[7,-31],[-23,-26],[33,-66],[44,7],[-26,83],[2,59],[29,20],[-38,17],[-33,-23],[-13,19],[9,28],[33,-1],[71,23],[64,46],[8,27],[27,15],[-14,34],[34,15],[44,-24],[56,33],[55,57],[50,-20],[26,-22],[28,19],[34,-12],[38,-37],[16,-30],[-1,-33],[34,-4],[1,-59],[-53,-2],[23,-27],[41,11],[21,-16],[-5,-57],[34,-12],[-7,-40],[31,3],[-3,32],[56,33],[26,42],[75,-35],[37,-23],[13,-27],[-46,-29],[8,-32],[-31,-24],[39,-39],[42,-29],[3,-30],[41,-55],[36,27],[3,-34],[26,-28],[-2,-44],[-21,-24],[13,-44],[30,-23],[46,-6],[15,-29],[46,-41],[40,0],[36,30],[43,-26],[-21,-36],[14,-33],[-3,-41],[13,-27],[40,-23],[46,5],[-49,33],[-10,32],[-26,24],[-11,37],[16,36],[-24,30],[-56,-15],[-13,46],[-42,16],[-67,-3],[-52,22],[1,29],[90,65],[-28,22],[-35,56],[-52,36],[-56,24],[-5,60],[-53,-34],[-22,15],[7,24],[30,8],[-9,47],[45,17],[8,16],[-43,31],[-66,64],[-45,35],[-27,0],[-35,-21],[-38,0],[-62,44],[17,13],[-18,27],[-5,47],[-27,46],[3,42],[36,25],[16,29],[32,12],[104,61],[16,-24],[66,-6],[87,16],[98,90],[35,22],[44,14],[23,-27],[50,13],[50,-40],[107,14],[16,-23],[69,-29],[30,16],[33,-6],[41,29],[17,-5],[48,27],[34,35],[40,68],[75,43],[7,-26],[52,-20],[38,9],[64,43],[23,-39],[-5,-26],[16,-30],[64,-27],[26,-68],[50,-5],[61,11],[121,68],[84,83],[71,94],[24,44],[22,20],[75,144],[58,6],[60,32],[25,26],[66,-41],[17,-36],[36,-29],[42,-1],[42,14],[30,-2],[3,-23],[64,-41],[128,-21],[54,19],[33,23],[33,7],[15,29],[71,81],[69,119],[-5,38],[21,10],[13,52],[-23,17],[56,27],[96,-11],[21,-24],[29,8],[21,-65],[44,5],[59,-4],[45,-44],[41,-78],[-8,-46],[97,-21],[45,-2],[32,22],[30,-24],[45,-19],[11,-56],[39,-59],[58,-16],[20,-31],[15,-55],[48,-52],[20,-9],[11,-68],[21,-12],[8,-35],[28,-29],[25,-9],[-45,-39],[-57,-77],[-54,0],[-40,-34],[36,-22],[20,3],[26,-29],[-12,-68],[-40,-85],[-4,-88],[35,-65],[-38,-44],[8,-65],[23,-24],[4,-41],[39,-66],[73,5],[22,-17],[-12,-49],[-57,-51],[6,-29],[-51,-17],[9,63],[-37,6],[-22,-80],[10,-25],[-40,-21],[8,-44],[27,2],[45,41],[41,19],[8,32],[32,27],[32,47],[35,20],[16,-22],[-50,-35],[-26,-35],[-17,-45],[-16,-69],[-45,-75],[-14,-79],[-31,-68],[0,-36],[-22,-54],[-4,-104],[20,-42],[27,-143],[34,-18],[13,-29],[25,-11],[10,-76],[2,-67],[-11,-36],[-27,-25],[-28,-46],[-10,-77],[14,-23],[-21,-39],[-5,-36],[13,-48],[32,-15],[4,-23],[-37,-11],[-44,-88],[-16,-57],[7,-100],[16,-45],[33,-41],[57,-22],[-17,-52],[48,-75],[-22,-35],[-20,-6],[-10,-50],[19,-38],[-40,-29],[-24,-94],[-1,-88],[6,-26],[31,-42],[27,1],[18,-59],[19,-16],[8,-50],[31,-8],[8,-60],[-59,-39],[10,-27],[-28,-42],[-36,-17],[29,-27],[18,17],[72,-36],[23,-32],[-32,-55],[9,-34],[-36,-13],[-20,-33],[-7,-71],[-30,-6],[15,-28],[-40,-20],[-28,70],[-62,12],[-18,19],[-8,50],[34,7],[21,25],[8,35],[33,25],[5,22],[-35,54],[-41,15],[0,20],[37,42],[52,18],[12,20],[-19,26],[-27,7],[-38,28],[-43,-7],[-35,52],[13,16],[-81,41],[-19,31],[-34,-32],[-71,6],[-3,30],[34,41],[4,22],[53,22],[50,2],[76,110],[-3,24],[-36,14],[-40,-39],[12,-11],[-51,-56],[-32,29],[-26,6],[-17,37],[-55,-60],[11,-50],[32,-12],[8,-40],[-32,-30],[-54,4],[-17,-19],[10,-38],[58,17],[38,-29],[42,8],[69,-9],[46,-18],[2,-24],[-85,16],[-76,7],[-92,-2],[-56,-9],[-40,-16],[-41,-42],[13,-47],[3,-89],[-31,-87],[-55,-33],[-3,-19],[-72,-87],[0,-28],[34,-28],[-30,-27],[2,-50],[-32,-38],[-4,-30],[-40,-3],[-33,-33],[-3,-34],[-42,-11],[21,-26],[35,27],[6,30],[53,32],[36,-16],[25,-63],[-36,-61],[-2,-27],[-50,-48],[-19,-52],[34,-44],[2,-37],[36,-19],[-7,-49],[-27,-52],[1,-74],[35,-23],[-39,-45],[-28,25],[-39,-13],[-23,-32],[-9,-55],[-35,11],[-21,-8],[-5,54],[-39,43],[-39,-16],[36,-29],[0,-49],[-61,10],[-24,-20],[7,-42],[64,-7],[25,-61],[45,-39],[7,-65],[-14,-23],[54,-32],[-3,-49],[23,-23],[-14,-45],[-30,-19],[-16,-31],[21,-21],[-2,-49],[-28,-30],[-62,-9],[-24,-12],[-43,-58],[-21,-51],[-12,-85],[-38,-79],[-24,-24],[-37,-64],[-4,-36],[-30,-24],[-130,-39],[-79,26],[-19,19],[-44,-23],[-23,9],[-36,-26],[-55,41],[-42,-6],[-7,43],[-68,22],[27,68],[-32,26],[-28,59],[2,51],[-39,-8],[-46,15],[-31,23],[-47,12],[-2,-27],[20,-36],[-25,-4],[-18,53],[-22,9],[-64,-57],[-77,57],[33,29],[-34,17],[-9,-23],[-35,-13],[27,-58],[29,-28],[39,-10],[3,-30],[31,-17],[34,28],[26,1],[22,-27],[61,8],[73,1],[36,-10],[-5,-29],[-46,3],[-68,-14],[-67,-37],[-31,-35],[20,-26],[-41,-92],[15,-28],[73,-41],[15,-30],[-5,-46],[-33,16],[-30,-38],[34,-57],[41,28],[-21,32],[32,7],[15,-19],[0,-41],[-66,-33],[13,-39],[-32,-37],[-77,-21],[-4,-11],[-63,-8],[-77,-27],[-16,-20],[-34,39],[24,25],[-1,31],[-43,33],[22,74],[30,-15],[-1,-50],[26,-36],[8,-39],[51,-13],[51,27],[-10,69],[25,42],[-32,44],[-34,-6],[-4,29],[14,74],[20,38],[52,20],[-27,29],[-40,-14],[-52,11],[-5,-27],[-35,-67],[-32,14],[23,80],[-35,71],[-124,22],[-6,66],[-29,19],[-43,83],[-89,42],[-6,19],[26,22],[-17,20],[-37,1],[-25,49],[3,39],[-66,32],[-50,12],[-38,34],[-35,-18],[-5,-30],[61,2],[61,-31],[12,-23],[40,-29],[31,-52],[-31,-56],[50,-53],[58,18],[60,-39],[-5,-68],[42,-29],[11,-48],[-23,-53],[31,-22],[26,-2],[16,-51],[-19,-75],[-21,-5],[-17,-59],[-36,-28],[15,-35],[-14,-23],[14,-26],[35,-104],[-24,-29],[-50,-4],[-30,43],[-29,58],[-12,44],[-39,-35],[25,-15],[-28,-77],[-26,-48],[52,-14],[53,-29],[-9,-35],[-39,-31],[-31,-43],[-46,-6],[-1,-46],[-25,-41],[22,-33],[-21,-33],[33,-36],[19,-78],[-13,-65],[-33,-43],[-4,-36],[-33,-38],[-28,-8],[-81,14],[-36,-19],[-38,20],[-24,31],[3,46],[-51,20],[-56,-25],[-2,20]],[[85979,11314],[30,23],[15,31],[41,-17],[-3,-51],[16,-51],[55,-27],[2,27],[52,-49],[94,-122],[126,-133],[71,-94],[45,-53],[61,-55],[48,-31],[44,3],[85,-43],[63,-19],[49,9],[-18,-150],[17,-96],[1,-53],[-34,-58],[-64,-36],[-20,-4],[-36,-52],[75,-15],[53,19],[18,24],[-5,56],[16,28],[14,-88],[46,-145],[16,-63],[38,-78],[-51,-37],[-74,-26],[-29,5],[2,36],[-36,22],[-116,-3],[-52,-46],[9,-19],[-20,-50],[-42,-8],[-23,-30],[-70,-11],[-23,-18],[-58,33],[-24,-4],[-75,45],[-25,-5],[-12,53],[-27,1],[-15,32],[43,35],[-5,35],[-52,67],[-7,23],[3,81],[-23,89],[-25,5],[-21,37],[-81,33],[-7,36],[-35,87],[-53,24],[-62,-11],[-27,28],[-44,16],[20,28],[29,-5],[8,29],[42,25],[9,49],[-14,77],[-21,56],[-26,42],[-54,50],[-59,-11],[-78,-43],[-22,39],[-87,37],[-29,46],[57,31],[14,40],[25,-5],[60,52],[32,-12],[51,17],[13,25],[-22,47],[40,22],[28,38],[-10,45],[-34,28],[-7,33],[37,8],[36,-41],[32,11],[35,33],[41,17]],[[75949,10855],[19,14],[-8,36],[41,72],[17,73],[-17,43],[12,47],[-6,32],[-30,79],[10,72],[-21,29],[7,49],[37,1],[26,29],[45,11],[49,47],[35,53],[18,70],[-8,53],[-15,23],[4,57],[56,38],[21,-19],[90,-46],[23,10],[22,-32],[95,-48],[13,-25],[44,-42],[83,-59],[3,-25],[-23,-171],[0,-46],[9,-72],[18,-65],[40,-65],[-8,-42],[-46,-94],[-2,-66],[15,-65],[60,-32],[6,-27],[-17,-85],[3,-44],[-11,-40],[-26,-37],[-3,-39],[-38,-31],[6,-48],[-83,-19],[-16,-32],[-38,-19],[-47,-61],[-39,-8],[-21,-19],[-35,5],[-28,-20],[-19,-31],[-30,18],[-73,-53],[-19,-32],[22,-27],[-14,-26],[-58,67],[10,36],[-55,2],[-20,24],[5,44],[-19,23],[6,26],[-30,52],[57,2],[20,23],[-10,32],[-1,56],[16,31],[-16,41],[9,39],[-24,53],[-60,66],[-24,11],[-22,53],[8,70]],[[85716,2132],[2,14],[91,14],[76,-14],[51,5],[-2,31],[-22,13],[-53,8],[0,35],[44,60],[30,0],[47,-29],[6,-44],[39,-28],[41,17],[8,-39],[30,4],[28,-29],[0,-20],[34,-41],[-8,-43],[-21,-22],[7,-45],[24,-35],[-12,-21],[-44,-34],[-36,-2],[-23,-52],[-41,-15],[-21,-21],[5,-46],[58,-30],[2,-65],[15,-52],[29,-65],[20,-9],[-5,-38],[-58,-51],[31,-16],[39,19],[51,-27],[-49,-33],[-10,-35],[-36,-43],[5,-41],[81,-62],[-29,-14],[-62,23],[-33,0],[-9,59],[-48,-5],[-22,21],[-54,4],[-4,116],[-13,17],[-2,54],[-39,-21],[-19,29],[-33,-8],[16,-30],[1,-32],[-28,-28],[40,-29],[-22,-48],[28,-4],[18,-22],[-12,-52],[-58,59],[-43,-28],[-17,-24],[-36,-16],[-12,-34],[3,-44],[-48,20],[-8,49],[-35,22],[-49,10],[-81,38],[11,23],[-31,15],[-20,30],[17,23],[-29,61],[34,46],[38,3],[28,-12],[22,47],[4,37],[-101,-7],[-33,-11],[-41,45],[-47,11],[-23,23],[-34,8],[-10,49],[11,48],[-23,90],[23,29],[66,15],[30,-19],[39,37],[2,36],[-36,35],[17,14],[-22,28],[-3,26],[33,13],[51,-29],[0,-25],[64,11],[10,-62],[-15,-41],[-24,-19],[-16,-44],[57,-51],[36,6],[10,-62],[25,-1],[34,-31],[82,20],[3,-21],[80,-17],[12,17],[-23,40],[31,16],[36,0],[19,32],[64,5],[-67,35],[-20,-11],[-55,30],[15,63],[-50,18],[13,32],[24,21],[24,-2],[-5,46],[-74,47],[10,55],[-16,24]],[[86251,9509],[47,19],[16,-13],[50,49],[74,-3],[44,17],[43,-14],[34,2],[14,-16],[46,9],[27,-26],[30,26],[28,67],[21,-21],[81,-24],[30,10],[29,41],[45,-6],[16,28],[21,0],[30,27],[43,-3],[17,-40],[23,-13],[11,-41],[41,-30],[42,-50],[34,-30],[25,6],[36,-19],[31,2],[-11,-34],[3,-47],[24,-14],[-1,-24],[22,-31],[36,-16],[-20,-24],[-65,18],[-42,-34],[12,-26],[-54,-15],[-62,-50],[-44,3],[-59,-38],[-19,19],[-4,56],[-49,97],[-15,12],[-46,-16],[-14,17],[-58,-42],[-31,-36],[-56,-32],[-51,71],[-43,8],[-15,-19],[-58,-9],[-38,-15],[-12,22],[-38,18],[-19,-20],[-60,-10],[-21,-14],[-89,18],[-1,39],[-53,17],[15,18],[-30,26],[-71,-21],[-9,90],[40,42],[15,-5],[62,47]],[[84637,1106],[-59,-44],[-58,-73],[-20,-52],[11,-27],[-6,-82],[24,-44],[38,-15],[25,18],[23,35],[31,-32],[-2,-84],[-40,-11],[-7,-24],[-28,-9],[-4,-32],[-22,-20],[12,-25],[-39,-52],[-16,-73],[17,-65],[-64,-39],[-53,18],[-40,48],[-38,-16],[-16,40],[3,36],[32,33],[-24,45],[-69,11],[59,32],[-3,28],[-33,10],[-60,-16],[-9,-53],[9,-35],[-54,-120],[-65,16],[-12,-23],[-35,20],[1,79],[-40,32],[-11,28],[-44,18],[-13,33],[33,25],[30,-6],[88,-132],[21,-18],[47,25],[-16,54],[38,30],[-37,11],[1,83],[27,29],[-15,36],[19,38],[31,-29],[0,-33],[29,-5],[18,19],[1,31],[36,3],[-23,36],[-7,35],[47,37],[3,53],[31,30],[39,10],[0,51],[37,34],[8,63],[31,-58],[-10,-26],[22,-60],[24,-4],[42,31],[52,67],[9,43],[-21,15],[15,26],[-26,35],[50,33],[24,-16],[26,53],[-4,39],[-17,19],[-40,0],[-6,-23],[-40,5],[1,30],[-36,8],[-28,-22],[-44,-10],[3,26],[-39,2],[-4,37],[27,-1],[-13,45],[53,21],[17,-21],[31,5],[41,37],[-2,21],[-85,9],[39,97],[31,12],[43,51],[26,-24],[-14,-38],[52,-55],[43,-68],[-15,-29],[-1,-80],[28,-16],[20,-33],[-12,-22],[5,-34],[36,-14],[18,-54],[-4,-78],[-24,-5],[-9,33],[-62,-12],[-40,-21]],[[86339,2785],[30,-28],[34,-61],[-4,-43],[-62,-17],[-63,4],[-45,-47],[-25,0],[-5,34],[54,87],[12,45],[58,1],[8,40],[-18,29],[-42,-3],[-35,-21],[-27,11],[54,44],[0,23],[-23,49],[41,41],[22,55],[32,60],[30,-6],[24,-35],[76,-1],[40,-66],[-1,-45],[55,-78],[-28,-28],[-47,-16],[-39,16],[-71,-3],[-35,-41]],[[78477,8456],[16,47],[-9,61],[4,27],[74,59],[20,26],[21,65],[41,-37],[16,-39],[73,-1],[26,-35],[77,-51],[73,-22],[48,-65],[-46,-17],[-42,35],[-71,-18],[-55,12],[-49,-28],[-46,-43],[-43,11],[-32,-28],[-61,7],[-35,34]],[[86454,9070],[25,6],[13,25],[62,2],[42,10],[28,22],[35,-8],[22,-30],[38,26],[10,26],[45,20],[1,-54],[-31,-19],[-13,-64],[16,-17],[-27,-39],[-37,-25],[-41,-60],[4,-23],[-39,-32],[-18,26],[-56,54],[-57,-8],[-28,12],[19,76],[-59,9],[4,26],[42,39]],[[78276,9395],[15,-48],[-10,-24],[10,-155],[-15,-57],[8,-24],[-27,-65],[-19,-12],[-4,-60],[17,-63],[-22,-62],[-25,-26],[-52,37],[-11,46],[-17,20],[21,59],[-16,33],[-39,162],[26,5],[23,-23],[39,-2],[23,13],[38,56],[-15,39],[23,80],[29,36],[0,35]],[[78397,9269],[17,22],[55,13],[43,44],[7,25],[-25,16],[17,35],[37,5],[37,-19],[40,6],[30,-12],[35,17],[16,-40],[-11,-26],[31,-34],[-50,-30],[2,-50],[-53,-47],[-63,-37],[-25,-2],[-51,35],[-35,8],[-16,45],[-38,26]],[[39501,83576],[74,-20],[30,-45],[54,31],[64,-45],[30,-34],[21,-47],[-6,-76],[6,-35],[30,65],[14,4],[54,-52],[57,-29],[31,-28],[-16,-66],[-3,-38],[-27,-39],[-1,-46],[27,-72],[2,-24],[18,-44],[17,-9],[13,-54],[-15,-12],[-23,-48],[-28,-20],[3,-50],[-45,-58],[4,-34],[31,6],[38,63],[18,53],[31,-9],[47,-53],[5,41],[-29,29],[29,53],[26,18],[-7,58],[29,38],[-26,81],[37,34],[6,47],[30,20],[-42,44],[-31,12],[-8,31],[12,12],[7,54],[-21,86],[6,106],[9,20],[-16,32],[-8,78],[-17,41],[8,43],[31,4],[14,-14],[48,-18],[-14,-43],[81,22],[34,2],[62,-23],[23,-21],[37,-13],[27,-51],[6,-27],[33,-17],[25,1],[44,-29],[81,-16],[9,-8],[73,-28],[26,-25],[19,-49],[40,-64],[31,-63],[6,-65],[32,-17],[45,-43],[37,-45],[20,-41],[22,-24],[38,-62],[4,-40],[-17,-33],[-31,-26],[-63,-38],[-7,-45],[15,-27],[33,63],[12,12],[73,1],[36,46],[35,4],[40,-9],[35,-26],[35,17],[1,34],[-52,51],[-29,41],[-27,59],[-1,108],[18,3],[34,42],[-20,9],[-36,-32],[-14,11],[-31,93],[8,79],[-1,45],[-11,21],[-27,3],[-45,-42],[-16,58],[-32,70],[-59,110],[-25,32],[-1,39],[-14,35],[-60,103],[-14,15],[-2,38],[16,4],[68,-53],[75,-98],[28,-46],[21,-63],[19,-37],[64,27],[-2,35],[-44,39],[-28,41],[-34,102],[14,25],[104,-90],[25,-42],[28,6],[12,21],[24,-6],[64,-36],[59,-9],[86,4],[41,18],[65,-21],[34,-19],[36,7],[70,37],[24,6],[-17,35],[96,44],[-20,19],[-33,-8],[-1,22],[51,13],[20,36],[22,13],[4,23],[-47,6],[-28,-8],[-40,-35],[-46,-53],[-15,-29],[-25,-12],[-50,-2],[-40,-24],[-38,-2],[-27,10],[-21,26],[11,36],[47,15],[34,54],[13,7],[15,57],[-10,3],[-50,-53],[3,-22],[-58,-15],[-42,-19],[-24,7],[-36,37],[-74,34],[-34,33],[-11,42],[8,44],[-49,31],[-34,59],[-33,48],[-49,12],[-21,38],[-20,59],[2,56],[8,23],[45,-4],[70,13],[149,-6],[52,63],[9,21],[40,19],[19,-5],[76,85],[-17,19],[-105,-42],[-53,-17],[-78,-49],[-38,2],[-107,34],[-39,1],[-68,15],[-26,32],[-85,14],[-18,49],[-46,48],[-17,33],[-37,23],[-40,-28],[-15,0],[-10,41],[8,22],[-41,15],[-27,28],[-11,25],[6,26],[-34,50],[-55,37],[-70,3],[14,60],[-2,46],[32,80],[-17,44],[37,52],[29,14],[51,100],[-11,71],[-2,65],[32,9],[22,18],[26,39],[24,58],[13,-8],[39,58],[51,130],[33,20],[-21,29],[10,36],[-7,67],[-30,8],[0,39],[-10,49],[20,-4],[16,-39],[40,-28],[48,39],[12,-39],[-9,-32],[18,-25],[-21,-35],[-8,-36],[-1,-58],[29,-30],[36,7],[-5,69],[11,67],[30,41],[27,-33],[31,4],[40,81],[2,29],[-50,57],[11,23],[33,-28],[47,-30],[30,-4],[36,12],[109,64],[16,17],[31,1],[31,66],[36,50],[15,71],[-16,14],[7,29],[-3,48],[-30,63],[-39,0],[-10,12],[18,132],[43,62],[55,45],[28,44],[26,26],[25,-7],[-2,32],[-20,20],[-1,23],[15,103],[-18,24],[4,79],[11,75],[70,179],[23,75],[10,67],[-13,120],[68,23],[51,28],[-16,25],[2,27],[43,90],[20,-4],[13,-28],[1,-119],[20,-32],[48,-47],[81,-23],[37,8],[45,-7],[60,20],[57,39],[31,40],[29,14],[97,118],[26,-28],[21,1],[39,24],[52,62],[69,121],[119,326],[-27,56],[-3,28],[-28,49],[-42,50],[-94,128],[-73,-4],[-35,36],[6,89],[23,39],[14,45],[-34,46],[5,60],[16,54],[2,47],[25,78],[-4,62],[-23,18],[2,36],[25,47],[4,49],[44,13],[41,55],[43,-7],[-1,-44],[31,-43],[42,-19],[57,8],[37,13],[103,73],[29,41],[44,22],[15,17],[-13,22],[35,97],[27,119],[-14,35],[7,42],[-9,51],[10,83],[-24,57],[4,82],[10,48],[31,-21],[35,0],[27,-22],[35,-47],[8,24],[-27,38],[-1,56],[36,15],[9,-26],[25,22],[-11,29],[35,32],[23,-23],[39,15],[47,-48],[30,-20],[3,-15],[41,8],[24,-47],[4,-66],[39,-29],[15,1],[31,31],[14,-21],[32,3],[24,-31],[-7,-46],[59,49],[11,-14],[46,-11],[8,-54],[-7,-31],[16,-10],[12,46],[-7,48],[-35,26],[-15,21],[15,17],[19,-29],[27,8],[48,-7],[21,-27],[38,-7],[13,-21],[42,33],[-59,16],[-44,50],[-26,22],[-52,17],[-27,40],[-25,-12],[-36,17],[-32,-29],[-27,50],[0,33],[-35,28],[-32,37],[26,12],[59,10],[18,-21],[18,30],[23,14],[3,27],[-51,44],[-29,-20],[-16,44],[-3,43],[24,68],[19,90],[14,33],[39,-2],[-2,40],[-32,24],[-25,42],[28,30],[37,13],[26,20],[-23,40],[-51,13],[-16,28],[-5,32],[30,3],[50,31],[14,18],[59,-8],[33,-14],[36,-27],[35,-36],[54,6],[12,-25],[38,-15],[66,-3],[33,-31],[-1,-43],[-14,-22],[-7,-59],[-19,-27],[-13,-41],[-43,-56],[24,1],[37,90],[29,37],[35,-7],[-16,-31],[18,-45],[-3,-32],[-20,-19],[13,-47],[-17,-24],[0,-24],[33,-7],[2,-34],[-19,-68],[21,12],[29,60],[-19,53],[4,17],[28,26],[26,-2],[14,-53],[64,6],[2,-32],[17,-34],[25,-21],[20,-45],[6,-56],[50,-62],[-2,29],[-18,22],[-1,54],[84,-1],[40,-14],[30,-77],[24,2],[3,51],[-45,62],[-22,41],[-42,26],[-22,-11],[-43,10],[-16,54],[4,12],[-16,72],[-30,11],[3,62],[17,-9],[4,-27],[33,-16],[43,22],[20,-12],[30,23],[18,-25],[-3,-46],[45,-23],[23,13],[-3,23],[-33,22],[4,48],[-29,39],[-1,24],[-55,8],[-31,-43],[-30,7],[-34,29],[53,23],[12,20],[-26,19],[-18,-5],[-64,44],[-8,-22],[6,-42],[-25,9],[-22,22],[-13,30],[20,66],[-18,44],[25,1],[18,25],[7,35],[-18,29],[29,20],[19,-5],[24,59],[58,70],[73,-34],[54,2],[20,-13],[71,14],[24,-23],[30,-7],[40,-23],[47,7],[-26,33],[-11,37],[15,45],[-46,-10],[5,49],[27,94],[13,98],[-4,34],[-19,31],[-24,2],[-18,19],[-24,67],[3,50],[18,24],[67,41],[36,11],[16,-45],[33,-25],[55,38],[63,-4],[5,-59],[25,-21],[30,-4],[26,10],[23,34],[31,-15],[-2,-28],[28,-39],[36,-23],[31,-44],[32,-17],[61,4],[4,26],[-41,3],[5,57],[25,33],[27,60],[4,28],[-12,17],[0,33],[49,83],[-11,82],[9,25],[45,62],[22,20],[15,-30],[-10,-47],[50,-58],[-14,-69],[18,-22],[-18,-52],[22,-26],[-22,-59],[6,-35],[28,-67],[38,-58],[58,-66],[72,-55],[75,-33],[45,-14],[67,-10],[109,3],[58,11],[60,-2],[91,-11],[196,-3],[22,11],[78,12],[79,7],[81,39],[69,25],[37,20],[84,66],[16,18],[50,3],[32,-29],[-3,-22],[31,-34],[4,-33],[53,-50],[99,-34],[31,-2],[71,-33],[71,-8],[49,-12],[5,37],[21,17],[58,31],[66,44],[60,61],[44,77],[35,0],[58,27],[38,29],[14,47],[74,4],[6,-23],[-1,-59],[34,-61],[33,19],[57,19],[47,28],[47,8],[34,-54],[55,-56],[68,41],[-2,60],[12,41],[26,53],[20,61],[10,9],[95,23],[27,12],[87,52],[66,59],[19,6],[33,-37],[127,55],[-15,41],[7,53],[-18,104],[26,110],[6,43],[17,61],[1,76],[13,66],[28,19],[-24,46],[9,44],[-12,23],[-20,86],[-42,38],[-31,-3],[-36,19],[-28,44],[40,56],[50,22],[16,40],[52,55],[-26,28],[-22,-16],[-79,-18],[-134,36],[-19,24],[-25,60],[-43,17],[-5,101],[12,34],[80,-7],[49,5],[35,-48],[36,-12],[24,11],[-3,38],[-39,39],[-47,36],[-31,16],[-5,31],[-26,51],[24,11],[23,65],[-40,2],[-35,31],[16,65],[-44,5],[-34,33],[-8,29],[7,27],[70,60],[-45,-8],[-42,-38],[-21,-1],[-23,21],[-32,54],[-82,20],[-63,-8],[-41,9],[-74,30],[-42,-18],[-69,-39],[-14,-13],[-75,9],[-59,20],[-28,-1],[-33,-26],[-33,-14],[-40,-61],[-31,-6],[-24,8],[-25,-30],[-31,-9],[-9,-40],[-33,-15],[-8,19],[-26,-1],[12,-31],[-27,-36],[-16,23],[-67,3],[-31,19],[-17,29],[-7,47],[-36,18],[-16,30],[-11,56],[13,15],[32,-9],[16,19],[12,50],[-44,43],[-26,-6],[-50,-23],[-51,8],[-11,17],[21,48],[-22,11],[-28,-19],[-31,-6],[-53,40],[48,46],[40,-10],[-27,68],[27,27],[-25,26],[-24,0],[-16,-28],[-22,9],[-43,-41],[-15,20],[24,58],[27,24],[-13,31],[-19,-24],[-36,9],[-25,29],[-21,2],[-16,25],[-33,21],[-43,2],[-35,-54],[-70,-13],[-50,-15],[-51,1],[-16,20],[-11,44],[44,1],[8,28],[47,-18],[18,22],[-3,33],[-26,30],[37,7],[38,-38],[62,-8],[15,25],[-24,32],[4,26],[-28,16],[-20,43],[-31,33],[-4,25],[18,19],[23,-51],[37,0],[13,31],[41,-18],[18,-44],[26,78],[-24,24],[5,42],[27,-3],[31,-28],[17,-38],[-12,-20],[67,-81],[-12,-36],[46,11],[48,20],[39,42],[15,32],[-62,119],[17,19],[34,-24],[15,68],[-31,47],[13,30],[31,18],[23,-9],[36,-52],[10,-40],[34,-91],[32,-28],[15,26],[29,0],[24,-38],[16,-42],[-10,-16],[18,-23],[26,-4],[14,37],[16,9],[14,-47],[-18,-29],[-4,-36],[-23,-17],[15,-37],[29,19],[7,-32],[-8,-24],[-23,-11],[-14,-42],[22,-28],[-17,-32],[23,-9],[7,-27],[19,-15],[12,55],[0,38],[16,34],[20,-6],[1,-37],[37,-20],[-15,-32],[-9,-72],[19,-5],[-1,-40],[12,-26],[-4,-24],[25,-67],[20,-22],[15,13],[-4,39],[67,-31],[4,38],[-21,22],[3,28],[-31,10],[-13,45],[19,38],[78,-54],[24,20],[-2,37],[13,32],[-22,32],[-1,21],[-29,17],[-11,22],[-47,26],[8,32],[-10,21],[17,38],[-19,37],[-1,41],[24,49],[-18,55],[-16,3],[-38,53],[-22,4],[2,68],[-49,22],[5,57],[15,30],[29,-19],[51,6],[26,-44],[-7,-12],[10,-47],[22,-23],[8,-24],[24,-16],[19,6],[8,-33],[40,-10],[-11,-49],[18,-26],[52,-122],[35,-5],[13,10],[-20,34],[6,58],[-41,52],[23,45],[-14,17],[-9,50],[70,28],[35,-22],[36,27],[-11,13],[43,38],[14,36],[39,-44],[5,-82],[14,-46],[43,-41],[-8,-70],[2,-46],[-14,-47],[13,-18],[-18,-59],[11,-17],[54,-3],[11,22],[7,73],[29,-12],[12,21],[-3,35],[-18,40],[19,37],[33,33],[37,-17],[59,-97],[7,-24],[27,-5],[15,-20],[29,-11],[-7,-34],[-37,-36],[19,-14],[15,19],[25,-26],[-17,-15],[-8,-63],[20,0],[20,-43],[34,15],[37,-9],[23,-67],[32,-21],[38,-65],[36,-31],[44,-6],[22,-26],[22,-68],[-5,-37],[3,-52],[10,-31],[49,-82],[21,-16],[40,-9],[26,9],[41,-24],[56,16],[34,56],[40,33],[4,23],[31,28],[23,67],[49,15],[29,36],[18,47],[-9,26],[65,35],[18,-38],[3,-26],[37,-10],[23,-35],[21,0],[29,30],[-8,48],[22,51],[-16,30],[-23,10],[-7,38],[-24,31],[-38,22],[16,29],[65,-30],[47,25],[19,-24],[23,-70],[30,-22],[8,-39],[55,-102],[60,-14],[31,-30],[30,-86],[61,-114],[36,-31],[33,-10],[7,-19],[-19,-71],[13,-43],[42,-79],[24,-58],[7,-58],[22,-40],[42,-54],[3,-31],[33,-47],[-2,-15],[31,-42],[54,-33],[44,-15],[50,-7],[29,-11],[50,0],[32,9],[52,34],[36,37],[92,33],[35,-22],[9,-52],[-21,0],[-10,-22],[-37,9],[-23,-4],[-22,-42],[9,-58],[25,-33],[76,17],[20,-37],[38,24],[-13,29],[42,27],[5,22],[28,29],[35,-28],[-14,-14],[9,-35],[-38,4],[1,-31],[20,-28],[54,2],[21,8],[26,-13],[-1,-33],[33,-35],[41,36],[6,24],[54,0],[80,61],[13,-27],[-17,-51],[-1,-70],[-19,-30],[11,-63],[-39,-56],[11,-40],[22,17],[23,62],[6,35],[29,30],[33,55],[14,4],[88,-11],[5,-19],[-14,-39],[7,-25],[65,7],[21,33],[34,1],[27,18],[-2,38],[39,49],[4,24],[26,-8],[118,2],[84,59],[15,22],[-4,42],[40,44],[32,-14],[36,2],[37,18],[14,-41],[34,-41],[37,-9],[72,1],[45,27],[13,-68],[-46,-50],[-11,-57],[-26,-22],[-29,16],[-39,4],[-39,-22],[-31,-57],[-28,-23],[19,-34],[14,-57],[16,-23],[39,6],[45,-66],[2,-29],[33,9],[54,0],[6,-38],[41,7],[21,19],[95,41],[23,18],[9,29],[25,32],[6,20],[82,25],[20,-21],[22,-1],[20,-20],[-6,-50],[32,-34],[7,-28],[-22,-27],[9,-47],[36,22],[22,-6],[17,13],[1,26],[42,20],[6,34],[25,-18],[5,-49],[38,-55],[57,-66],[-14,-32],[-37,11],[-5,-48],[11,-23],[44,-29],[45,-85],[-25,-57],[-7,-56],[-38,-83],[0,-21],[30,-63],[11,33],[23,36],[10,39],[1,46],[29,27],[10,27],[44,44],[58,13],[7,63],[-12,36],[4,47],[23,-6],[62,17],[55,-79],[98,-86],[59,-26],[59,-11],[12,-22],[47,-17],[52,-5],[63,7],[11,-21],[64,0],[74,13],[104,35],[86,16],[130,101],[75,142],[51,1],[29,19],[28,-3],[32,10],[9,24],[27,-6],[29,-20],[-10,-27],[5,-55],[-9,-45],[37,-14],[16,-38],[7,-41],[21,-45],[27,0],[36,-22],[33,1],[14,-13],[2,-50],[-8,-24],[3,-79],[33,-54],[71,-9],[32,-35],[30,-15],[48,26],[45,-8],[56,-35],[40,-50],[16,-51],[30,-63],[52,-47],[49,-52],[23,-39],[42,17],[26,-1],[10,17],[39,16],[33,2],[24,20],[29,-15],[15,15],[17,-27],[20,-7],[15,-48],[24,-6],[16,-23],[37,-24],[4,-17],[34,-17],[14,21],[-46,73],[-32,20],[-1,33],[-39,42],[9,16],[56,-21],[41,-4],[56,12],[36,15],[38,0],[42,-85],[71,-12],[56,22],[30,22],[-1,35],[-39,-28],[-53,-1],[-57,40],[-35,58],[-30,-4],[-25,10],[-14,28],[-38,4],[-5,24],[22,10],[60,1],[23,6],[37,46],[43,1],[39,49],[-34,31],[4,34],[53,34],[60,16],[13,39],[31,29],[18,-23],[29,-2],[22,30],[58,-5],[-26,-28],[-10,-26],[27,-36],[87,1],[41,13],[93,69],[30,71],[45,-9],[17,-67],[61,-36],[79,56],[33,33],[51,25],[45,64],[78,15],[18,27],[39,8],[44,36],[59,1],[35,17],[41,32],[80,37],[50,5],[70,31],[54,4],[56,40],[10,-21],[-87,-78],[-7,23],[-76,-15],[-18,4],[-23,-25],[16,-30],[-29,-17],[-16,-30],[-34,-21],[-15,-29],[-34,-11],[-15,-17],[-45,-88],[-25,-20],[-5,-29],[-33,0],[-6,-30],[-32,-6],[-36,-66],[-36,-19],[-11,-24],[-30,-26],[-23,1],[-20,-52],[0,-99],[26,-58],[35,-56],[36,-39],[44,-21],[32,-73],[-29,-49],[45,24],[15,25],[27,68],[35,25],[41,-18],[9,44],[-4,61],[78,64],[32,49],[20,-16],[16,26],[21,-12],[17,12],[11,37],[24,-4],[1,43],[38,4],[-11,-41],[6,-24],[35,-26],[13,61],[23,39],[29,1],[18,-31],[33,27],[50,18],[0,17],[34,20],[58,46],[6,50],[-16,23],[33,38],[23,-2],[50,31],[-4,-39],[-26,-12],[-21,-69],[-19,-38],[-24,-15],[-29,-54],[-17,-12],[-15,-40],[-9,-58],[-29,13],[-38,-44],[-43,-71],[6,-40],[62,-41],[-4,-35],[27,-34],[58,2],[30,11],[20,74],[66,14],[19,16],[41,-25],[0,-19],[-28,-73],[-18,18],[-22,-15],[-14,-56],[-28,7],[-23,-21],[30,-37],[6,-20],[-41,-66],[-7,-37],[-18,-30],[-22,2],[-32,-49],[6,-58],[28,7],[40,-17],[27,13],[-16,-74],[-16,-12],[-11,-40],[21,-47],[32,-19],[-9,-69],[18,1],[23,32],[16,-28],[22,38],[2,49],[44,69],[28,-21],[-8,-19],[18,-36],[29,-4],[59,28],[39,5],[20,23],[39,-4],[10,-19],[0,-46],[38,-14],[33,6],[17,-8],[66,17],[111,84],[88,96],[18,54],[-18,38],[53,71],[21,81],[-23,28],[14,14],[30,2],[23,42],[5,36],[-26,36],[49,14],[0,20],[-18,74],[-13,32],[-29,27],[-33,4],[-25,-24],[-56,18],[-36,-14],[-14,6],[-77,-19],[-31,2],[-1,35],[-22,39],[-18,12],[-28,-24],[-28,-11],[-46,12],[-3,45],[13,5],[-5,47],[62,-10],[35,33],[14,-2],[-11,59],[27,-3],[21,45],[34,17],[3,32],[48,79],[-6,17],[93,52],[24,-12],[33,9],[15,-27],[25,6],[-1,27],[19,12],[-2,23],[27,37],[25,-15],[35,55],[2,37],[35,59],[17,10],[22,43],[27,-1],[13,-36],[35,42],[11,48],[34,-28],[55,-10],[56,20],[37,20],[1,34],[14,24],[37,4],[8,-16],[33,17],[30,45],[-40,43],[26,11],[3,-34],[32,-26],[-1,-28],[-72,-74],[-46,-24],[-42,-10],[-53,-23],[-54,-5],[-12,-28],[1,-43],[-33,14],[-15,-15],[15,-60],[21,0],[43,-44],[35,0],[15,64],[24,29],[32,2],[18,-15],[14,-79],[22,-51],[19,-73],[21,-47],[21,-21],[38,8],[5,-26],[-15,-60],[9,-36],[-16,-22],[-6,-34],[26,-80],[21,-36],[8,-51],[61,-63],[53,-31],[3,-97],[39,-38],[16,11],[31,-8],[20,14],[19,-28],[34,-2],[16,38],[28,-8],[26,8],[20,30],[15,41],[19,8],[-2,37],[-37,20],[2,32],[-33,-9],[-29,20],[-15,32],[-41,30],[-44,-17],[5,39],[47,-13],[51,11],[9,33],[38,4],[20,20],[47,-1],[29,16],[12,-17],[4,-43],[19,-20],[30,-48],[32,-29],[18,9],[32,-13],[36,6],[44,-27],[26,-73],[38,-5],[6,-36],[-7,-49],[30,-16],[7,16],[29,-10],[-1,-41],[13,-57],[15,-25],[-27,-55],[-29,3],[-17,-42],[-27,-22],[29,-16],[32,74],[39,-39],[39,-4],[29,24],[-4,23],[36,-2],[-41,-64],[3,-25],[-26,-3],[-17,14],[-45,-30],[-13,1],[-44,-29],[-27,-37],[-7,-34],[-49,-34],[-65,-81],[-74,-109],[-20,-35],[-58,-55],[-20,-35],[-26,-15],[-6,37],[34,45],[4,38],[34,2],[15,18],[-8,114],[-34,4],[-46,-47],[-52,-36],[-18,5],[-24,-44],[10,-33],[33,-24],[0,-25],[-31,-26],[14,-19],[30,2],[-16,-55],[-45,0],[-17,-37],[-25,11],[-26,-24],[2,-42],[-35,10],[-24,-25],[18,-12],[37,12],[25,65],[31,-11],[50,3],[14,13],[2,34],[34,-8],[2,-58],[-21,10],[-45,-30],[-62,-74],[-29,-59],[-22,-60],[-11,-50],[7,-57],[35,-33],[-3,-34],[-32,1],[-25,14],[-21,-18],[-28,5],[-6,22],[-49,6],[-49,-51],[-20,-61],[4,-23],[45,-29],[-2,-26],[12,-28],[-26,-50],[-13,-65],[10,-51],[-42,17],[-27,25],[-10,56],[9,34],[-6,59],[-38,11],[-8,25],[-26,11],[-5,30],[-32,-6],[-30,-41],[9,-25],[-7,-27],[18,-23],[4,-29],[-12,-36],[-27,-8],[-21,35],[-66,78],[-32,-16],[-13,-25],[8,-35],[48,-20],[-19,-46],[-7,-43],[11,-32],[37,-24],[20,2],[10,-49],[22,-23],[35,-14],[54,9],[-27,-42],[-2,-39],[14,-37],[25,12],[39,-31],[16,1],[77,-47],[30,-36],[26,0],[14,-87],[15,-31],[23,-2],[24,-29],[-32,-36],[-29,-4],[-20,11],[1,28],[-16,54],[1,35],[-29,18],[-47,-36],[3,-29],[-40,-26],[4,-56],[-41,8],[-8,28],[14,18],[-28,34],[18,24],[-31,43],[-36,-22],[-2,-21],[-23,-18],[-29,24],[-35,-15],[-22,-29],[-37,30],[-41,23],[-22,-30],[5,-21],[64,-19],[41,13],[27,-7],[2,-48],[66,-32],[-12,-29],[3,-45],[15,-21],[72,-8],[-51,-100],[-24,-79],[-8,-57],[-10,-18],[-44,21],[-24,-7],[-21,-23],[-33,-57],[0,-51],[-17,-82],[8,-56],[-17,-37],[-33,-23],[-21,19],[18,69],[-36,20],[-5,-36],[-52,-12],[-37,-22],[-26,-43],[-9,-30],[-58,-93],[-12,-30],[-33,-44],[-25,1],[-15,42],[-16,5],[-6,38],[34,20],[12,48],[-25,63],[56,9],[18,-23],[33,11],[37,54],[-20,79],[-31,24],[10,41],[-2,49],[-33,52],[36,21],[-7,30],[-27,37],[33,32],[-16,40],[18,41],[-4,44],[-12,21],[-41,13],[-29,19],[-57,-58],[-11,-21],[-4,-61],[-24,-13],[-10,-25],[45,-6],[25,-33],[-4,-26],[-32,-44],[23,-44],[-15,-20],[-34,-8],[-33,2],[-3,37],[-27,-9],[-38,14],[-2,38],[9,36],[-19,7],[-16,-57],[-19,0],[-31,30],[-13,-11],[6,-35],[26,-13],[10,-37],[19,-3],[-18,-54],[6,-53],[-35,11],[-23,-19],[-9,-51],[7,-20],[-31,-41],[-38,8],[-19,31],[-21,-4],[-24,-45],[16,-36],[44,-36],[-18,-20],[-16,27],[-28,8],[-14,28],[-2,41],[-15,28],[4,49],[-26,22],[0,53],[17,5],[15,30],[-4,18],[11,83],[-5,33],[-20,34],[-43,-26],[-11,-33],[-43,-23],[-14,-37],[25,-20],[-42,-49],[-27,-48],[-4,-33],[18,-32],[-10,-20],[-49,25],[-30,-48],[31,-59],[-23,-48],[2,-63],[-24,-29],[-18,36],[12,20],[-21,90],[-5,50],[-17,19],[-17,57],[-40,12],[-37,-24],[-23,-31],[-15,-101],[-15,-16],[-23,18],[-16,42],[-37,-22],[-35,-30],[-17,-31],[-7,-60],[-38,-31],[-29,-83],[-4,-63],[28,-27],[25,-2],[47,-35],[12,-35],[-16,-24],[18,-38],[63,16],[42,4],[-2,-50],[-18,-51],[-22,-8],[-6,33],[-18,6],[-31,-22],[-5,-23],[20,-23],[-19,-25],[-25,19],[-12,47],[-38,25],[-7,30],[-29,2],[-49,-31],[-12,-34],[3,-42],[12,-22],[-15,-45],[11,-29],[-18,-74],[28,-50],[-1,-54],[-27,-32],[-38,1],[4,-44],[-14,-27],[16,-29],[10,-42],[47,-21],[15,-52],[2,-53],[21,-31],[25,-3],[41,35],[15,-34],[19,-15],[-18,-23],[-32,9],[-29,-24],[-28,-36],[4,-34],[24,-47],[58,-48],[25,-3],[82,7],[53,34],[25,42],[45,21],[15,23],[-2,38],[36,0],[18,19],[-10,29],[6,28],[49,52],[53,-33],[23,3],[-16,-43],[-27,-4],[-26,-26],[-4,-47],[-22,-17],[-25,-41],[9,-47],[-6,-41],[-38,-17],[-16,-29],[0,-43],[-17,-41],[24,-94],[-3,-20],[-41,-49],[-18,-35],[7,-50],[-12,-56],[-47,-51],[-15,-52],[-18,-23],[1,-21],[-29,-16],[-67,-75],[-22,-51],[15,-38],[-4,-98],[-20,-94],[-34,-57],[-3,-78],[-23,-146],[2,-29],[-38,-22],[-75,-64],[-14,-23],[-34,-29],[-32,3],[-34,-12],[-30,-28],[-26,-55],[-20,-12],[-23,-38],[-72,-25],[26,-30],[-41,-79],[-15,-48],[-69,-132],[-28,-39],[12,-45],[-11,-35],[-35,24],[-63,-26],[-24,-4],[-26,-33],[-23,-49],[4,-32],[-28,-60],[1,-50],[-34,-10],[-28,-38],[11,-33],[-27,-4],[-32,-40],[-29,-66],[-22,-93],[-5,-54],[8,-48],[36,-11],[4,-30],[-18,-14],[-36,12],[-8,-25],[-22,-5],[-31,-33],[-20,23],[-52,-25],[-58,-75],[-34,-67],[-24,-27],[-32,-6],[-28,49],[-28,-19],[12,-75],[17,-59],[6,-82],[-5,-28],[45,-113],[-8,-46],[58,-108],[11,-40],[45,-98],[36,-62],[35,-15],[45,-38],[53,-59],[57,-33],[71,-54],[4,-14],[84,-24],[67,22],[40,-22],[27,-24],[7,-33],[49,-19],[32,-31],[3,-23],[29,-18],[20,-39],[47,7],[151,-116],[143,-84],[34,-31],[56,-66],[22,-41],[41,-56],[54,-39],[48,-28],[37,-42],[32,-13],[93,-60],[27,-8],[25,-33],[44,-38],[64,-40],[31,-8],[67,-40],[20,-28],[47,-39],[94,3],[30,-32],[60,-40],[4,-94],[30,-103],[24,-40],[3,-58],[14,-53],[49,-105],[66,-51],[9,-35],[43,-28],[46,-14],[23,9],[24,-8],[37,-33],[51,3],[27,-19],[29,-41],[47,-23],[37,-34],[88,-114],[83,-75],[6,-23],[31,-13],[26,5],[-10,43],[35,12],[26,-6],[53,46],[36,9],[23,25],[33,73],[51,-17],[31,31],[11,-49],[37,3],[31,-33],[32,-4],[-6,-47],[-15,-41],[-67,-109],[-8,-37],[-87,13],[12,-58],[43,-6],[20,-36],[-4,-24],[45,-45],[29,-59],[14,-12],[5,-65],[-57,-58],[11,-50],[25,-49],[28,-10],[29,7],[50,66],[48,58],[16,-28],[-7,-21],[53,4],[35,14],[37,2],[34,-27],[42,6],[33,-23],[5,-24],[43,2],[22,-20],[23,6],[26,-25],[34,7],[23,-12],[11,22],[-44,19],[-24,27],[-7,46],[42,38],[58,32],[39,-2],[-10,38],[28,31],[22,-37],[7,-37],[36,6],[19,-31],[24,-19],[65,-89],[14,3],[30,-34],[43,-33],[65,-32],[23,5],[95,-46],[94,-76],[27,-14],[106,-28],[41,-50],[-2,-19],[47,-76],[47,-52],[9,-36],[54,-43],[91,-49],[6,9],[46,-23],[51,-51],[40,14],[70,-21],[40,-21],[37,-29],[37,-13],[17,10],[94,-30],[14,18],[58,-18],[65,-28],[39,-25],[89,-41],[66,-43],[121,-29],[24,-44],[4,-42],[20,-9],[48,-60],[52,-117],[36,-42],[23,-52],[39,-40],[21,-34],[23,-55],[35,-59],[58,-65],[60,-49],[73,-66],[29,-53],[41,-46],[31,-19],[34,-38]],[[55616,91905],[6,29],[50,67],[9,46],[-7,23],[20,13],[51,-49],[41,-16],[57,22],[56,100],[42,-18],[51,20],[28,-21],[18,1],[59,54],[1,17],[59,16],[53,58],[39,53],[30,30],[4,39],[15,17],[20,-22],[42,23],[15,20],[30,86],[7,36],[-29,3],[-20,22],[-5,31],[29,48],[35,-18],[38,16],[12,-33],[37,-10],[31,-90],[-45,-26],[-31,-41],[-3,-48],[-16,-31],[-24,-9],[-60,-44],[-32,-54],[-31,-38],[-28,-76],[-26,-40],[-29,-29],[-20,-32],[-46,-34],[-50,14],[-23,-3],[-24,-25],[-12,-63],[-78,-3],[-113,-28],[-29,-17],[-21,1],[-30,-33],[-45,-9],[-27,-33],[-12,-38],[-22,5],[-23,-38],[-18,34],[-26,23],[24,50],[-4,52]],[[47693,91674],[8,35],[52,-5],[41,30],[58,-10],[33,-46],[2,-39],[16,-44],[-26,-51],[-27,-10],[-32,8],[-52,43],[-11,29],[-27,15],[-20,40],[-15,5]],[[57608,93212],[-15,38],[50,57],[-3,18],[73,19],[39,59],[36,12],[2,25],[61,56],[2,-52],[-25,-37],[11,-30],[-37,-66],[-36,-10],[-78,-43],[0,-22],[-34,-1],[-6,-14],[-40,-9]],[[57039,91816],[-31,28],[14,26],[22,-10],[8,-26],[24,-9],[36,25],[5,30],[48,-16],[-2,35],[29,44],[8,-27],[-20,-31],[24,-29],[32,-10],[6,22],[41,10],[74,58],[30,84],[17,-11],[40,7],[-1,-41],[28,-10],[-8,-39],[-90,-70],[-1,-13],[-87,-25],[-19,-21],[-42,-21],[-25,3],[-25,-20],[0,-34],[-43,-5],[-36,31],[-25,0],[-63,-22],[0,19],[-27,28],[77,3],[-18,37]],[[58535,81346],[21,17],[29,-2],[26,-19],[31,9],[53,-41],[31,-8],[13,-50],[-48,-62],[-29,15],[7,24],[-34,8],[-18,-19],[-10,-31],[35,-3],[26,-62],[-33,-16],[-8,-22],[-39,-27],[-63,-11],[-14,-28],[-30,24],[0,45],[37,54],[20,13],[-22,28],[-16,-6],[-4,78],[16,16],[-14,35],[12,48],[25,-7]],[[58834,81451],[18,-53],[-29,-32],[-57,-4],[7,31],[-19,50],[-1,63],[31,15],[10,18],[-8,30],[-26,37],[4,51],[38,17],[-1,37],[10,25],[27,-11],[24,21],[-16,-79],[14,-58],[14,-28],[10,-47],[28,-15],[-22,-33],[-56,-35]],[[59022,81085],[-14,30],[-6,47],[-14,17],[12,27],[-9,34],[30,21],[-3,42],[32,61],[25,-7],[-3,-37],[40,-36],[23,10],[-34,28],[-8,61],[21,-1],[36,39],[-20,107],[40,-8],[27,-23],[10,-56],[15,-18],[5,-40],[31,-17],[38,-2],[8,-35],[28,7],[16,-41],[-9,-53],[18,-90],[-8,-6],[-8,-58],[6,-51],[-9,-14],[35,-28],[36,-15],[-22,-109],[-22,-19],[-11,-29],[-26,-23],[-45,-19],[-38,19],[10,61],[-18,43],[-28,1],[-20,-21],[-45,38],[-20,37],[-30,134],[12,34],[-20,24],[-15,-34],[-20,5],[-3,40],[-26,-20],[0,-57]],[[50270,92999],[16,-39],[23,-31],[-30,-29],[-50,-30],[-7,27],[-20,21],[16,64],[-31,28],[2,31],[69,33],[34,27],[33,50],[74,-11],[22,-17],[63,-9],[20,-58],[-29,-7],[-58,4],[-28,-32],[-40,-17],[-16,29],[-32,-28],[-31,-6]],[[50283,93412],[-4,17],[77,-5],[66,34],[15,26],[29,17],[22,-25],[16,-67],[24,-23],[5,-31],[-98,-4],[-33,31],[-37,-19],[-19,-44],[-27,-2],[-50,-56],[4,32],[28,39],[7,45],[-25,35]],[[58209,81611],[-32,-17],[-20,-58],[11,-93],[-22,-51],[-5,-42],[-16,-4],[-59,7],[-21,13],[-37,-38],[-54,0],[-18,25],[-28,13],[39,39],[2,62],[-18,38],[31,31],[13,53],[-25,57],[60,27],[40,1],[43,14],[6,42],[25,2],[66,-27],[8,-16],[11,-78]],[[57717,86559],[-21,20],[1,42],[33,47],[30,2],[13,-46],[39,33],[18,-43],[46,4],[29,-16],[63,32],[16,34],[-7,60],[19,29],[26,-7],[-9,-62],[4,-15],[37,-17],[48,31],[66,9],[-18,37],[1,18],[30,7],[27,-13],[35,0],[-5,34],[7,30],[-45,19],[9,52],[-15,30],[-54,22],[-11,24],[15,15],[-3,80],[51,3],[52,-28],[-34,-36],[17,-37],[38,41],[34,11],[18,-12],[37,18],[12,60],[22,41],[54,6],[27,11],[18,-46],[1,-39],[-30,-78],[-28,-6],[-35,-40],[-26,-5],[0,-39],[12,-11],[5,-46],[18,-32],[60,-11],[-22,-49],[10,-40],[31,-29],[-18,-43],[5,-20],[73,25],[29,-27],[42,-18],[29,-3],[34,-22],[49,19],[27,29],[15,76],[-31,33],[-60,-34],[16,35],[46,39],[15,24],[0,74],[13,16],[65,-21],[43,8],[41,-30],[20,-45],[1,-29],[26,-45],[-31,-7],[-40,-52],[-28,-51],[-63,-146],[-3,-51],[-31,9],[-58,-2],[-21,12],[-53,-36],[-30,-51],[-24,-68],[-16,-82],[0,-50],[19,-47],[19,-17],[29,15],[38,-2],[3,-50],[-25,-14],[-13,13],[-40,-26],[-26,7],[-8,-23],[-25,-21],[-9,-27],[15,-44],[-18,-9],[-21,24],[-12,37],[-29,-12],[6,-27],[-22,-30],[-8,-52],[-27,-11],[-2,-32],[10,-48],[22,-13],[3,-28],[-21,-34],[15,-31],[29,-34],[24,-12],[20,14],[31,-2],[24,-27],[55,9],[5,23],[-30,26],[31,70],[37,4],[19,-41],[22,-3],[19,-25],[44,-36],[22,-62],[24,-9],[41,6],[38,23],[20,57],[27,32],[5,24],[-17,25],[9,49],[37,-29],[-21,-12],[6,-31],[45,2],[6,11],[46,-24],[-25,-85],[-27,17],[-19,-45],[7,-26],[33,-14],[-11,-24],[17,-48],[-27,-39],[15,-59],[-29,-14],[-2,-49],[-69,35],[-32,-57],[-22,16],[-19,-7],[-26,54],[-29,17],[-38,-33],[-25,35],[-30,-2],[-27,26],[-57,26],[-25,-8],[-34,11],[-44,2],[-32,-12],[-53,-32],[-23,-3],[-36,-31],[-17,-34],[-26,29],[-28,-22],[-19,25],[-25,3],[-5,44],[-19,16],[-41,1],[-63,15],[-37,-5],[-45,23],[-25,-4],[-24,26],[-16,33],[-33,0],[-44,-10],[-30,26],[-20,1],[-39,31],[-5,29],[-40,34],[-39,0],[-63,-18],[-96,-51],[-73,-68],[-6,87],[46,32],[135,71],[47,43],[4,51],[31,43],[20,8],[8,37],[-34,70],[1,43],[-23,33],[-5,26],[10,28],[-16,91],[3,70],[-21,43],[8,31],[23,45],[37,165],[-6,46],[-40,71]],[[48296,94404],[-4,-23],[15,-41],[16,-10],[35,25],[35,-8],[21,-34],[-35,-3],[-31,-46],[4,-51],[20,-11],[13,-30],[-6,-23],[7,-61],[2,-70],[-23,-1],[-4,-24],[-21,-14],[-19,-90],[-57,3],[-35,61],[-12,72],[-11,26],[-2,60],[-35,46],[-71,115],[-31,74],[-30,43],[43,11],[35,40],[8,33],[-17,15],[11,23],[11,77],[-27,16],[-50,43],[-34,52],[-14,37],[8,23],[93,-77],[46,16],[10,27],[39,-2],[30,21],[18,29],[1,53],[-13,45],[30,57],[70,-5],[-38,-49],[-8,-37],[16,-66],[-1,-61],[12,-46],[20,-35],[-3,-34],[15,-49],[0,-43],[26,-25],[-31,-45],[-28,13],[-19,-42]],[[55930,83499],[1,21],[48,47],[18,1],[10,63],[-13,28],[25,47],[53,-5],[29,-32],[22,-81],[-2,-56],[-8,-18],[-27,14],[-35,-8],[-14,18],[-41,-29],[-21,-30],[-26,23],[-19,-3]],[[57040,87517],[22,31],[-19,40],[-28,2],[0,34],[-20,42],[19,21],[12,37],[-20,38],[9,35],[25,22],[-18,36],[-4,41],[-14,9],[1,42],[24,-22],[31,-6],[10,-59],[21,-38],[32,-9],[4,-48],[38,-37],[33,-13],[-16,-42],[-17,-8],[-21,24],[-33,-12],[-19,-39],[-53,28],[4,-38],[15,-28],[20,3],[27,-47],[-4,-38],[-31,11],[-11,-15],[-8,-58],[8,-47],[-18,-9],[-17,19],[1,25],[-16,31],[31,23],[0,19]],[[43507,92594],[-24,-54],[-10,-41],[-32,-51],[-52,0],[-34,26],[-56,-4],[-90,-31],[-29,2],[-105,45],[-31,-8],[-49,33],[-78,13],[-43,37],[-55,27],[-52,8],[-49,15],[-38,-21],[-116,-34],[-68,-24],[-44,-22],[-69,-12],[-37,-19],[-65,-20],[-50,-8],[-27,16],[-35,-14],[-45,19],[-34,-1],[-15,-14],[-56,74],[-14,71],[31,53],[23,2],[38,-32],[22,9],[-13,36],[22,64],[0,91],[-5,32],[14,47],[39,-2],[17,-27],[23,-15],[29,-43],[18,-9],[75,-5],[56,73],[42,74],[29,3],[16,-37],[-10,-37],[-17,-27],[1,-21],[45,-21],[0,21],[-37,8],[26,60],[13,4],[66,-81],[31,-27],[32,24],[1,24],[-38,-19],[-13,17],[-13,73],[-29,11],[-21,60],[-31,11],[-15,-11],[-45,-4],[-5,10],[16,69],[9,88],[-16,44],[-22,8],[-26,29],[24,55],[16,2],[10,63],[56,15],[18,25],[14,-65],[58,-21],[18,-71],[13,11],[-24,75],[-27,5],[-28,21],[3,51],[-30,11],[-28,-38],[-33,5],[-8,30],[-25,41],[-31,4],[-41,-23],[-13,3],[-6,38],[52,42],[21,83],[13,15],[38,15],[76,50],[27,64],[15,-12],[13,46],[-12,55],[8,21],[32,13],[41,-1],[56,6],[82,64],[42,-60],[-1,-25],[26,-97],[19,-44],[29,-22],[11,-28],[30,-31],[-4,-18],[11,-55],[-22,-43],[-41,-61],[8,-33],[-11,-33],[17,-40],[35,-35],[7,-20],[60,-19],[99,-89],[-11,-113],[12,-53],[-4,-37],[12,-57],[40,-8],[70,-49],[6,-13],[44,-11],[39,13],[15,-7],[19,-39],[31,-15],[21,7],[12,-19],[10,-47],[42,-16],[16,9],[58,-61],[-21,-64]],[[42962,93791],[-50,-2],[-11,55],[22,33],[10,52],[27,3],[1,30],[-34,47],[-17,45],[-59,48],[-5,29],[13,77],[13,153],[38,-2],[30,12],[115,-129],[60,-100],[62,-72],[66,-40],[32,-4],[23,10],[17,43],[52,-46],[44,-17],[25,-36],[-8,-12],[7,-51],[-18,-8],[-26,-50],[-43,5],[-4,-27],[-28,-37],[7,-67],[29,-38],[40,-8],[40,43],[37,-5],[56,43],[5,51],[29,41],[19,-52],[-14,-51],[11,-34],[-7,-34],[18,-31],[40,-48],[5,-36],[32,-20],[10,-24],[-12,-34],[51,-67],[16,58],[37,-21],[46,-11],[-1,-30],[71,-54],[27,-4],[36,-48],[10,5],[-26,58],[-25,31],[-67,32],[1,34],[13,15],[-41,25],[-1,33],[-39,18],[-14,41],[-87,21],[-1,28],[17,71],[40,5],[105,26],[20,30],[37,-2],[79,9],[74,22],[36,31],[6,18],[43,32],[11,31],[19,19],[34,-4],[167,-77],[19,-17],[13,-34],[72,-16],[31,-19],[29,30],[15,28],[-1,31],[-23,28],[-1,24],[58,19],[22,25],[24,4],[46,33],[27,34],[7,38],[22,34],[39,-6],[25,9],[36,-31],[-3,-41],[21,-37],[-13,-57],[28,-44],[26,-21],[33,64],[19,-11],[22,18],[-30,18],[-39,-3],[0,17],[30,37],[-13,44],[3,46],[13,14],[0,34],[36,35],[39,-1],[30,19],[11,76],[20,7],[28,-23],[69,-16],[-6,-18],[33,-31],[15,-33],[-40,-55],[-4,-57],[26,-16],[38,6],[12,53],[34,19],[38,-10],[11,-24],[23,-4],[0,-76],[22,-31],[36,11],[18,40],[-18,36],[12,29],[23,9],[48,-19],[26,-31],[5,-46],[-30,-17],[7,-45],[43,-21],[26,-26],[5,-23],[-22,-21],[12,-45],[28,-36],[-16,-38],[24,-36],[21,-9],[16,33],[36,4],[18,-31],[16,12],[27,-21],[24,-48],[-7,-65],[15,-62],[-24,-23],[-10,-27],[-31,8],[-8,22],[-29,-4],[-38,-59],[-26,-16],[-15,-24],[-19,-59],[-12,-74],[4,-38],[21,-18],[-17,-55],[33,-13],[0,-48],[-15,-13],[-53,0],[-24,14],[-38,-6],[-24,45],[-57,13],[-35,-34],[2,-17],[-38,-98],[-37,-56],[-23,-69],[-50,-56],[-36,-47],[-40,-64],[-39,22],[-19,-2],[-33,-22],[-26,-32],[-15,-3],[-88,-82],[-21,-30],[-65,-39],[-25,-2],[-97,-72],[-61,-16],[-17,-33],[-38,-47],[-30,-55],[-36,2],[-36,-14],[-20,-23],[-68,-98],[-50,-34],[-44,6],[-53,100],[-35,39],[-92,84],[-44,30],[-46,7],[-10,-7],[-67,16],[-57,38],[-53,22],[-56,44],[-64,29],[-33,-1],[-24,11],[-25,38],[-10,58],[-31,24],[-45,20],[-14,35],[-30,32],[-57,17],[-16,39],[-33,25],[-18,-14],[-11,47],[-27,32],[-42,4],[-20,-22],[-51,30],[-45,45],[-25,51],[-15,48],[5,77],[37,81],[-15,51],[-16,-4],[-13,29],[-38,16],[-15,44],[-41,34],[-14,25],[7,57],[-12,47],[-27,22],[20,83],[-38,55],[9,33],[-18,44],[7,49]],[[57164,86791],[-41,16],[-53,-31],[-5,-31],[16,-52],[-1,-38],[25,0],[-1,-42],[-95,-4],[-26,17],[-31,46],[28,48],[8,30],[-26,69],[-1,63],[8,31],[24,27],[10,-32],[49,-42],[36,-9],[26,5],[19,19],[3,24],[-16,17],[17,30],[-12,19],[7,25],[28,22],[-5,19],[6,53],[54,24],[31,-3],[63,-36],[4,-52],[31,4],[27,-39],[41,-7],[10,-64],[-32,-31],[-32,11],[-21,-8],[-23,-29],[3,-27],[51,7],[-3,-39],[14,-65],[-37,25],[-12,-4],[1,-65],[-14,-40],[1,-32],[-25,-15],[-9,-29],[-88,-28],[-17,26],[32,68],[-12,37],[-43,50],[8,62]],[[54039,91623],[-18,-61],[-32,-24],[-30,23],[-47,18],[5,17],[-18,99],[7,45],[-25,23],[-22,42],[19,17],[71,-62],[59,-10],[28,-26],[26,-44],[0,-24],[-23,-33]],[[57917,86954],[17,-11],[24,11],[6,43],[20,4],[6,-35],[14,-18],[11,-57],[-10,-42],[16,-59],[-54,-53],[-31,12],[-30,36],[-4,33],[-14,22],[-43,27],[-7,28],[14,50],[65,9]],[[56673,92772],[-32,1],[-26,23],[-24,6],[-20,24],[6,51],[21,27],[19,4],[43,32],[54,24],[40,32],[22,-24],[32,9],[19,-20],[-58,-73],[-5,-30],[-33,-20],[-34,-49],[-24,-17]],[[57462,93115],[-40,14],[-4,38],[40,14],[27,-35],[44,27],[16,43],[52,15],[10,-25],[-7,-40],[20,-12],[-32,-44],[-10,12],[-57,-33],[3,-30],[-53,-7],[-26,-35],[-35,-14],[-8,30],[-39,23],[-27,-13],[23,-28],[-13,-36],[0,-41],[-61,-12],[-19,-13],[-15,42],[-27,-18],[-2,-37],[-23,13],[-36,-27],[-26,-36],[-26,-17],[-25,2],[2,36],[44,5],[4,16],[-29,50],[3,48],[21,-20],[33,3],[32,-26],[8,34],[36,6],[19,-12],[3,66],[28,10],[6,27],[-16,28],[29,22],[33,61],[12,-36],[17,12],[14,-29],[-9,-23],[23,-22],[63,24]],[[57914,93652],[-6,19],[12,29],[33,6],[60,76],[17,3],[24,40],[35,30],[31,56],[-11,21],[26,86],[2,22],[28,39],[19,40],[33,42],[10,26],[-6,38],[54,17],[20,59],[27,15],[21,-38],[37,11],[14,33],[34,42],[-10,50],[1,50],[37,32],[10,37],[-47,40],[13,14],[43,-21],[12,40],[16,20],[-4,40],[-52,20],[18,39],[24,4],[14,-24],[21,7],[-15,43],[28,9],[19,19],[21,-26],[-23,-34],[-26,-84],[6,-20],[-12,-51],[-12,-5],[-12,-50],[2,-41],[-33,-54],[-6,-58],[-12,-22],[11,-52],[-20,-3],[-5,-35],[-33,-22],[-24,4],[-34,-26],[13,-65],[-19,-7],[-18,-49],[-34,2],[-6,-47],[-33,5],[-15,-15],[16,-37],[-23,-96],[-20,0],[-29,-49],[-9,-38],[-34,-72],[-60,-45],[0,-27],[-50,-66],[-18,-35],[-30,-5],[-2,40],[-55,-31],[-3,-43],[-11,-13],[-25,14],[-12,25],[40,29],[16,49],[-9,24]]],"transform":{"scale":[0.0004070914234142342,0.0003440417235172352],"translate":[112.92113459,-43.63310176]},"objects":{"australia_states":{"type":"GeometryCollection","geometries":[{"arcs":[[0,1,2,3,4],[5]],"type":"Polygon","properties":{"state":"New South Wales","code":"1"}},{"arcs":[[[6,-2,7]],[[8]],[[9]],[[10]]],"type":"MultiPolygon","properties":{"state":"Victoria","code":"2"}},{"arcs":[[[-4,11,12,13]],[[14]],[[15]],[[16]],[[17]],[[18]],[[19]],[[20]],[[21]],[[22]],[[23]],[[24]],[[25]],[[26]],[[27]],[[28]],[[29]],[[30]],[[31]],[[32]],[[33]],[[34]]],"type":"MultiPolygon","properties":{"state":"Queensland","code":"3"}},{"arcs":[[[35,36,-12,-3,-7,37]],[[38]],[[39]],[[40]],[[41]]],"type":"MultiPolygon","properties":{"state":"South Australia","code":"4"}},{"arcs":[[[42,-36,43]],[[44]],[[45]],[[46]],[[47]],[[48]],[[49]],[[50]],[[51]],[[52]],[[53]],[[54]],[[55]],[[56]],[[57]]],"type":"MultiPolygon","properties":{"state":"Western Australia","code":"5"}},{"arcs":[[[58]],[[59]],[[60]],[[61]],[[62]],[[63]],[[64]],[[65]],[[66]],[[67]],[[68]]],"type":"MultiPolygon","properties":{"state":"Tasmania","code":"6"}},{"arcs":[[[-37,-43,69,-13]],[[70]],[[71]],[[72]],[[73]],[[74]],[[75]],[[76]],[[77]],[[78]],[[79]],[[80]],[[81]],[[82]],[[83]],[[84]],[[85]],[[86]],[[87]],[[88]],[[89]],[[90]],[[91]]],"type":"MultiPolygon","properties":{"state":"Northern Territory","code":"7"}},{"arcs":[[-6]],"type":"Polygon","properties":{"state":"Australian Capital Territory","code":"8"}}]}}}